-0.55 ,-0.69 ,-0.50 ,-0.13 ,0.97 ,-0.57 ,41.00 ,66.00 ,49.00 ,23.00 ,29.00 ,1.09 ,18.45 ,0.17 ,0.33 ,0.13 ,2.33 ,0.00 ,23.60 ,-5.10 ,2.50 ,252.00 ,0.00 ,405.64 ,121.21 
-0.54 ,-0.70 ,-0.48 ,-0.38 ,1.26 ,-0.59 ,49.84 ,83.45 ,50.40 ,32.34 ,24.50 ,1.20 ,22.69 ,0.34 ,0.79 ,0.42 ,67.67 ,0.00 ,28.80 ,-2.70 ,1.96 ,166.50 ,0.00 ,264.26 ,121.52 
-0.55 ,-0.65 ,-0.58 ,-0.41 ,4.56 ,-0.70 ,144.02 ,196.37 ,90.15 ,75.58 ,8.30 ,3.00 ,64.36 ,0.11 ,0.24 ,0.89 ,57.35 ,0.00 ,41.80 ,-3.60 ,1.20 ,189.00 ,0.00 ,190.59 ,121.47 
-0.70 ,-0.76 ,-0.70 ,-0.53 ,2.94 ,-0.78 ,187.56 ,247.48 ,116.54 ,79.35 ,12.55 ,3.74 ,56.39 ,0.06 ,1.05 ,0.52 ,94.88 ,0.00 ,40.00 ,-0.92 ,1.58 ,130.50 ,0.00 ,125.76 ,106.40 
-0.48 ,-0.61 ,-0.52 ,-0.58 ,0.72 ,-0.73 ,109.69 ,156.52 ,63.94 ,53.22 ,28.26 ,2.85 ,56.94 ,0.41 ,-1.37 ,0.27 ,123.92 ,0.02 ,31.20 ,1.88 ,3.22 ,202.50 ,0.00 ,436.52 ,92.86 
-0.66 ,-0.77 ,-0.49 ,-0.40 ,0.76 ,-0.59 ,35.86 ,57.56 ,36.11 ,21.79 ,36.51 ,0.85 ,12.02 ,0.31 ,0.53 ,0.24 ,165.23 ,0.00 ,21.00 ,-2.78 ,2.80 ,117.00 ,0.00 ,411.77 ,123.89 
-0.42 ,-0.56 ,-0.40 ,-0.30 ,2.06 ,-0.61 ,63.33 ,90.57 ,57.15 ,42.98 ,15.01 ,1.73 ,36.48 ,0.11 ,0.24 ,0.74 ,77.43 ,0.00 ,36.00 ,-4.28 ,1.14 ,148.50 ,0.00 ,228.77 ,89.89 
-0.46 ,-0.56 ,-0.55 ,-0.23 ,5.08 ,-0.72 ,120.60 ,158.09 ,85.34 ,57.48 ,7.21 ,3.03 ,64.68 ,-0.08 ,0.23 ,0.56 ,52.76 ,0.00 ,51.20 ,-3.86 ,1.50 ,202.50 ,0.00 ,265.43 ,125.49 
-0.72 ,-0.77 ,-0.61 ,-0.46 ,0.89 ,-0.74 ,80.44 ,107.94 ,57.38 ,34.98 ,27.99 ,1.78 ,22.88 ,0.10 ,0.93 ,0.32 ,144.72 ,0.00 ,34.20 ,-1.82 ,2.62 ,180.00 ,0.00 ,347.82 ,126.57 
-0.79 ,-0.82 ,-0.70 ,-0.59 ,1.99 ,-0.79 ,131.04 ,161.03 ,82.57 ,62.35 ,18.57 ,2.57 ,26.87 ,0.08 ,23.29 ,0.79 ,13.20 ,0.00 ,34.40 ,-0.08 ,2.06 ,234.00 ,0.00 ,255.37 ,127.04 
-0.45 ,-0.61 ,-0.50 ,-0.24 ,0.67 ,-0.49 ,46.07 ,70.78 ,45.84 ,28.02 ,29.91 ,1.07 ,25.33 ,0.28 ,-2.43 ,0.21 ,31.48 ,0.00 ,34.20 ,0.00 ,2.06 ,148.50 ,0.00 ,262.10 ,126.88 
-0.52 ,-0.56 ,-0.50 ,-0.28 ,2.67 ,-0.63 ,108.59 ,127.38 ,68.78 ,48.64 ,12.35 ,2.22 ,51.98 ,0.11 ,0.23 ,0.47 ,21.85 ,0.00 ,57.60 ,-4.00 ,1.26 ,184.50 ,0.00 ,244.31 ,129.01 
-0.48 ,-0.51 ,-0.56 ,-0.27 ,4.53 ,-0.64 ,151.64 ,169.72 ,87.20 ,63.03 ,9.19 ,2.82 ,78.48 ,0.04 ,0.28 ,0.28 ,65.94 ,0.00 ,63.00 ,-3.92 ,1.10 ,112.50 ,0.00 ,225.31 ,125.29 
-0.52 ,-0.55 ,-0.66 ,-0.27 ,9.41 ,-0.67 ,215.75 ,247.11 ,95.41 ,57.21 ,6.31 ,3.34 ,104.54 ,-0.02 ,0.25 ,0.67 ,76.39 ,-0.31 ,73.20 ,-4.00 ,1.00 ,139.50 ,0.02 ,214.22 ,91.70 
-0.70 ,-0.68 ,-0.68 ,-0.40 ,7.66 ,-0.78 ,302.95 ,298.87 ,100.57 ,45.40 ,6.65 ,4.30 ,90.37 ,-0.07 ,0.03 ,1.14 ,77.12 ,0.00 ,82.40 ,-4.80 ,0.98 ,171.00 ,0.00 ,205.54 ,71.80 
-0.76 ,-0.79 ,-0.62 ,-0.31 ,0.28 ,-0.78 ,109.01 ,131.44 ,40.83 ,13.77 ,40.26 ,1.63 ,25.75 ,0.02 ,0.48 ,0.22 ,22.81 ,0.00 ,47.20 ,-3.34 ,4.10 ,301.50 ,0.00 ,595.18 ,134.55 
-0.47 ,-0.66 ,-0.55 ,-0.29 ,0.75 ,-0.54 ,53.77 ,91.76 ,52.09 ,30.20 ,27.64 ,1.12 ,28.50 ,0.25 ,0.19 ,0.23 ,17.19 ,0.00 ,39.20 ,-4.86 ,1.92 ,247.50 ,0.00 ,216.60 ,106.68 
-0.57 ,-0.69 ,-0.52 ,-0.47 ,0.45 ,-0.59 ,75.75 ,112.87 ,48.02 ,36.29 ,35.44 ,1.45 ,32.83 ,0.10 ,1.55 ,0.31 ,29.17 ,-0.56 ,44.80 ,-1.02 ,2.98 ,328.50 ,0.03 ,621.50 ,115.31 
-0.36 ,-0.62 ,-0.53 ,-0.17 ,1.09 ,-0.56 ,43.37 ,80.01 ,55.74 ,28.90 ,27.10 ,1.27 ,27.82 ,0.14 ,1.53 ,0.37 ,73.67 ,0.00 ,37.20 ,-1.64 ,1.66 ,292.50 ,0.00 ,272.92 ,138.11 
-0.40 ,-0.53 ,-0.50 ,-0.26 ,2.74 ,-0.69 ,88.05 ,121.35 ,68.69 ,47.36 ,12.79 ,2.19 ,53.18 ,0.04 ,0.38 ,0.63 ,114.12 ,0.00 ,56.40 ,-3.00 ,1.60 ,148.50 ,0.00 ,246.93 ,135.07 
-0.48 ,-0.58 ,-0.42 ,-0.29 ,0.35 ,-0.54 ,28.53 ,38.78 ,31.61 ,18.90 ,41.70 ,0.78 ,14.74 ,0.12 ,1.47 ,0.27 ,115.87 ,0.00 ,40.20 ,-1.46 ,2.56 ,126.00 ,0.00 ,435.60 ,142.01 
-0.61 ,-0.66 ,-0.56 ,-0.27 ,2.61 ,-0.66 ,98.67 ,123.45 ,70.65 ,41.97 ,16.09 ,1.97 ,38.97 ,-0.09 ,0.23 ,1.22 ,42.57 ,0.00 ,49.00 ,-4.08 ,1.04 ,198.00 ,0.00 ,231.89 ,143.70 
-0.70 ,-0.73 ,-0.67 ,-0.46 ,6.05 ,-0.76 ,191.87 ,226.64 ,107.83 ,68.01 ,7.99 ,3.21 ,58.15 ,-0.07 ,0.19 ,1.41 ,69.08 ,0.00 ,53.20 ,-3.14 ,0.96 ,162.00 ,0.00 ,203.83 ,138.22 
-0.53 ,-0.62 ,-0.47 ,-0.22 ,1.15 ,-0.67 ,105.53 ,142.69 ,66.92 ,36.57 ,18.05 ,2.13 ,49.93 ,0.05 ,1.71 ,0.51 ,26.17 ,-0.16 ,57.40 ,-1.06 ,1.66 ,112.50 ,0.06 ,268.48 ,53.76 
-0.50 ,-0.54 ,-0.45 ,0.34 ,3.12 ,-0.51 ,127.66 ,146.59 ,56.30 ,20.30 ,13.55 ,1.75 ,64.19 ,-0.05 ,1.03 ,0.40 ,40.66 ,-0.85 ,82.60 ,-1.52 ,1.26 ,220.50 ,0.03 ,263.07 ,140.55 
-0.75 ,-0.68 ,-0.64 ,-0.42 ,1.13 ,-0.75 ,109.85 ,90.90 ,40.87 ,15.77 ,28.70 ,1.67 ,27.27 ,-0.04 ,0.49 ,0.36 ,142.27 ,0.00 ,55.20 ,-3.00 ,3.32 ,67.50 ,0.00 ,436.00 ,86.07 
-0.41 ,-0.64 ,-0.39 ,-0.23 ,0.60 ,-0.48 ,16.64 ,30.73 ,23.99 ,13.35 ,42.19 ,0.56 ,9.77 ,0.10 ,0.15 ,-0.03 ,68.82 ,0.00 ,30.60 ,-6.62 ,3.30 ,247.50 ,0.00 ,480.78 ,154.28 
-0.28 ,-0.47 ,-0.42 ,-0.22 ,1.46 ,-0.52 ,46.56 ,68.60 ,49.55 ,31.21 ,24.20 ,1.19 ,33.34 ,0.12 ,0.34 ,0.56 ,26.39 ,0.00 ,33.40 ,-4.74 ,1.40 ,126.00 ,0.00 ,378.28 ,146.02 
-0.37 ,-0.44 ,-0.32 ,-0.28 ,0.84 ,-0.52 ,60.61 ,71.74 ,36.78 ,24.09 ,32.85 ,1.08 ,37.94 ,0.02 ,0.50 ,0.38 ,133.65 ,0.00 ,41.40 ,-3.08 ,2.36 ,184.50 ,0.00 ,586.59 ,153.56 
-0.33 ,-0.62 ,-0.42 ,-0.30 ,0.48 ,-0.50 ,13.63 ,26.97 ,24.77 ,13.33 ,44.03 ,0.52 ,9.15 ,0.13 ,0.33 ,0.18 ,139.98 ,0.00 ,28.00 ,-5.02 ,3.02 ,175.50 ,0.00 ,561.41 ,158.75 
-0.48 ,-0.63 ,-0.52 ,-0.35 ,0.98 ,-0.55 ,29.83 ,46.29 ,39.03 ,21.36 ,31.96 ,0.85 ,15.41 ,0.16 ,0.17 ,0.43 ,54.12 ,0.00 ,28.00 ,-5.74 ,1.78 ,166.50 ,0.00 ,335.54 ,160.41 
-0.47 ,-0.57 ,-0.60 ,-0.45 ,3.29 ,-0.64 ,89.96 ,119.16 ,65.16 ,50.85 ,14.83 ,2.09 ,47.70 ,0.04 ,0.09 ,0.79 ,88.36 ,0.00 ,35.80 ,-5.76 ,1.00 ,121.50 ,0.00 ,224.23 ,98.50 
-0.34 ,-0.40 ,-0.60 ,-0.39 ,5.69 ,-0.55 ,141.00 ,165.90 ,83.86 ,70.42 ,10.68 ,2.45 ,93.61 ,0.04 ,0.27 ,0.45 ,95.92 ,0.00 ,39.20 ,-4.18 ,1.14 ,126.00 ,0.00 ,244.07 ,112.58 
-0.43 ,-0.10 ,-0.53 ,-0.20 ,1.07 ,-0.56 ,123.15 ,81.47 ,60.77 ,36.52 ,32.54 ,1.84 ,69.79 ,-0.12 ,33.83 ,0.44 ,84.68 ,0.00 ,49.00 ,-0.08 ,2.30 ,229.50 ,0.00 ,492.77 ,158.84 
-0.55 ,-0.83 ,-0.52 ,-0.53 ,0.12 ,-0.54 ,11.67 ,34.25 ,18.32 ,9.75 ,57.02 ,0.39 ,5.31 ,0.29 ,1.49 ,0.25 ,137.81 ,0.00 ,30.60 ,-1.20 ,4.36 ,184.50 ,0.00 ,761.72 ,162.78 
-0.67 ,-0.75 ,-0.57 ,-0.48 ,0.33 ,-0.55 ,27.90 ,41.41 ,37.87 ,18.36 ,45.67 ,0.70 ,9.28 ,0.19 ,5.11 ,0.23 ,152.80 ,0.00 ,34.20 ,-0.34 ,3.10 ,166.50 ,0.00 ,424.59 ,166.99 
-0.70 ,-0.75 ,-0.61 ,-0.56 ,1.26 ,-0.68 ,73.42 ,94.26 ,65.43 ,41.84 ,25.24 ,1.72 ,21.66 ,0.14 ,17.63 ,0.77 ,44.02 ,0.00 ,37.80 ,-0.10 ,1.74 ,229.50 ,0.00 ,280.56 ,129.60 
-0.66 ,-0.79 ,-0.49 ,-0.48 ,0.11 ,-0.52 ,20.94 ,38.06 ,23.11 ,13.82 ,60.21 ,0.53 ,7.19 ,0.38 ,3.00 ,0.23 ,57.95 ,0.00 ,25.00 ,-0.98 ,3.80 ,198.00 ,0.00 ,790.61 ,140.69 
-0.51 ,-0.65 ,-0.56 ,-0.48 ,0.56 ,-0.46 ,22.30 ,34.35 ,27.30 ,16.71 ,48.65 ,0.60 ,10.82 ,0.28 ,0.17 ,0.07 ,102.46 ,0.00 ,19.60 ,-6.30 ,2.50 ,180.00 ,0.00 ,559.10 ,176.92 
-0.67 ,-0.71 ,-0.66 ,-0.60 ,2.38 ,-0.66 ,103.04 ,122.90 ,72.31 ,54.53 ,18.65 ,1.83 ,33.91 ,0.35 ,0.25 ,0.53 ,39.84 ,0.00 ,27.20 ,-3.50 ,1.74 ,211.50 ,0.00 ,287.11 ,175.95 
-0.70 ,-0.72 ,-0.67 ,-0.55 ,1.70 ,-0.73 ,119.89 ,136.20 ,83.58 ,55.39 ,23.08 ,2.18 ,35.82 ,0.17 ,-1.68 ,0.47 ,7.58 ,0.00 ,30.20 ,0.94 ,2.10 ,229.50 ,0.00 ,298.99 ,161.19 
-0.54 ,-0.66 ,-0.50 ,-0.47 ,0.09 ,-0.63 ,51.45 ,76.66 ,43.67 ,32.13 ,50.32 ,1.33 ,23.91 ,0.41 ,-1.82 ,0.13 ,27.37 ,0.00 ,29.00 ,1.64 ,2.86 ,202.50 ,0.00 ,451.00 ,177.41 
-0.37 ,-0.54 ,-0.43 ,-0.22 ,0.16 ,-0.43 ,32.96 ,49.36 ,40.68 ,21.25 ,49.45 ,0.84 ,20.91 ,0.13 ,3.09 ,0.56 ,143.58 ,0.00 ,36.80 ,-0.60 ,1.60 ,58.50 ,0.00 ,470.11 ,169.56 
-0.59 ,-0.60 ,-0.59 ,-0.40 ,1.44 ,-0.64 ,113.61 ,124.08 ,76.36 ,47.75 ,24.69 ,2.00 ,46.10 ,-0.10 ,0.56 ,0.48 ,42.14 ,0.00 ,47.60 ,-1.16 ,1.64 ,265.50 ,0.00 ,363.21 ,181.32 
-0.70 ,-0.69 ,-0.66 ,-0.40 ,1.25 ,-0.70 ,220.25 ,226.37 ,94.20 ,58.16 ,35.02 ,2.86 ,66.22 ,-0.10 ,-0.36 ,0.71 ,46.07 ,0.00 ,45.80 ,1.04 ,1.32 ,135.00 ,0.00 ,198.12 ,182.73 
-0.66 ,-0.62 ,-0.73 ,-0.55 ,2.59 ,-0.75 ,247.79 ,234.95 ,93.52 ,71.87 ,21.82 ,3.72 ,83.99 ,0.03 ,-0.65 ,0.75 ,23.29 ,1.89 ,46.20 ,2.54 ,1.36 ,148.50 ,0.01 ,292.66 ,153.40 
-0.74 ,-0.74 ,-0.57 ,-0.56 ,0.54 ,-0.74 ,123.24 ,128.71 ,50.09 ,32.28 ,36.34 ,2.20 ,31.58 ,-0.03 ,-0.74 ,0.31 ,17.28 ,0.00 ,44.00 ,3.00 ,2.70 ,301.50 ,0.00 ,646.30 ,185.64 
-0.48 ,-0.70 ,-0.32 ,-0.14 ,0.07 ,-0.41 ,23.78 ,46.18 ,24.22 ,13.00 ,53.96 ,0.58 ,12.30 ,0.15 ,-0.81 ,0.22 ,0.16 ,0.00 ,37.60 ,2.88 ,2.48 ,171.00 ,0.00 ,509.86 ,187.40 
-0.56 ,-0.61 ,-0.17 ,-0.34 ,0.15 ,-0.45 ,52.62 ,63.21 ,28.73 ,27.25 ,54.98 ,0.90 ,22.93 ,-0.07 ,-1.10 ,0.51 ,82.48 ,0.00 ,41.00 ,1.38 ,1.48 ,99.00 ,0.00 ,458.25 ,194.09 
-0.72 ,-0.76 ,-0.13 ,-0.56 ,0.63 ,-0.53 ,211.52 ,259.04 ,40.47 ,66.77 ,36.84 ,1.62 ,59.31 ,0.08 ,1.15 ,0.59 ,0.72 ,5.17 ,54.80 ,-0.62 ,1.72 ,180.00 ,0.01 ,360.95 ,98.67 
-0.47 ,-0.35 ,-0.04 ,0.58 ,1.26 ,-0.43 ,130.43 ,110.82 ,38.01 ,15.03 ,23.63 ,1.48 ,68.90 ,-0.08 ,2.81 ,0.84 ,6.49 ,-0.50 ,88.80 ,-0.24 ,1.12 ,171.00 ,0.37 ,332.68 ,90.17 
-0.74 ,-0.91 ,-0.32 ,-0.26 ,1.27 ,-0.64 ,147.89 ,428.07 ,31.51 ,15.33 ,29.74 ,1.73 ,37.94 ,-0.02 ,1.93 ,0.37 ,10.48 ,-0.74 ,69.00 ,-0.50 ,3.14 ,301.50 ,0.18 ,692.22 ,132.87 
-0.87 ,-0.98 ,-0.40 ,-0.15 ,0.16 ,-0.54 ,41.63 ,281.47 ,12.71 ,6.07 ,55.83 ,0.47 ,5.60 ,-0.02 ,0.28 ,0.28 ,57.07 ,0.00 ,27.40 ,-3.36 ,4.12 ,247.50 ,0.00 ,818.51 ,205.20 
-0.61 ,-0.81 ,-0.39 ,-0.36 ,0.56 ,-0.49 ,53.23 ,116.72 ,31.15 ,25.26 ,39.93 ,0.87 ,20.73 ,-0.13 ,0.65 ,0.41 ,22.27 ,0.00 ,36.80 ,-2.18 ,1.66 ,216.00 ,0.00 ,507.56 ,207.33 
-0.54 ,-0.68 ,-0.40 ,-0.02 ,1.66 ,-0.61 ,142.16 ,211.88 ,53.53 ,37.39 ,28.16 ,2.05 ,65.44 ,-0.25 ,1.89 ,0.78 ,2.65 ,0.00 ,56.00 ,-0.62 ,1.30 ,166.50 ,0.00 ,438.83 ,202.10 
-0.65 ,-0.76 ,-0.35 ,-0.07 ,0.35 ,-0.67 ,78.63 ,120.03 ,30.36 ,14.44 ,47.67 ,1.28 ,27.64 ,-0.21 ,-2.16 ,0.15 ,21.22 ,0.00 ,34.60 ,0.94 ,3.48 ,301.50 ,0.00 ,868.69 ,211.48 
-0.35 ,-0.64 ,-0.07 ,0.23 ,0.05 ,-0.31 ,17.58 ,35.91 ,18.29 ,8.84 ,57.66 ,0.52 ,11.48 ,-0.14 ,1.54 ,0.26 ,113.92 ,0.00 ,30.60 ,-1.38 ,2.52 ,184.50 ,0.00 ,847.17 ,213.60 
-0.11 ,-0.45 ,-0.27 ,-0.21 ,0.36 ,-0.46 ,23.85 ,41.47 ,27.97 ,17.76 ,42.12 ,0.74 ,21.24 ,0.03 ,0.34 ,0.39 ,66.29 ,0.00 ,35.60 ,-2.62 ,1.94 ,81.00 ,0.00 ,588.75 ,157.55 
-0.64 ,-0.62 ,-0.50 ,-0.18 ,2.33 ,-0.60 ,109.14 ,105.41 ,37.39 ,14.06 ,21.77 ,1.30 ,38.78 ,-0.06 ,0.62 ,0.44 ,17.00 ,0.02 ,76.40 ,-1.46 ,2.28 ,256.50 ,0.16 ,572.29 ,141.74 
-0.68 ,-0.83 ,-0.49 ,-0.41 ,0.50 ,-0.58 ,54.40 ,109.24 ,37.39 ,18.55 ,43.48 ,0.99 ,17.63 ,-0.13 ,-0.92 ,0.38 ,4.28 ,0.00 ,36.00 ,2.80 ,2.64 ,252.00 ,0.00 ,675.42 ,219.26 
-0.73 ,-0.82 ,-0.61 ,-0.62 ,0.59 ,-0.73 ,55.71 ,90.52 ,40.00 ,28.11 ,42.38 ,1.23 ,15.26 ,-0.12 ,-0.57 ,0.50 ,58.98 ,0.00 ,35.60 ,3.76 ,2.40 ,301.50 ,0.00 ,752.96 ,202.45 
-0.65 ,-0.94 ,-0.30 ,-0.17 ,0.17 ,-0.50 ,8.16 ,50.68 ,9.79 ,3.17 ,67.98 ,0.30 ,2.85 ,0.20 ,6.52 ,0.33 ,73.51 ,0.00 ,16.20 ,-0.28 ,4.60 ,261.00 ,0.00 ,1328.66 ,229.69 
-0.60 ,-0.76 ,-0.44 ,-0.53 ,0.54 ,-0.59 ,25.02 ,46.10 ,30.14 ,15.07 ,47.71 ,0.67 ,10.11 ,-0.14 ,0.56 ,0.29 ,100.78 ,0.00 ,20.80 ,-2.34 ,1.94 ,171.00 ,0.00 ,662.71 ,231.43 
-0.54 ,-0.63 ,-0.44 ,-0.53 ,1.05 ,-0.67 ,101.44 ,130.62 ,54.71 ,47.51 ,33.89 ,1.48 ,46.18 ,-0.07 ,3.68 ,0.46 ,4.44 ,0.00 ,28.20 ,-0.38 ,1.96 ,171.00 ,0.00 ,588.66 ,228.69 
-0.59 ,-0.63 ,-0.59 ,-0.51 ,1.64 ,-0.72 ,179.69 ,206.36 ,71.63 ,56.01 ,28.89 ,1.91 ,73.69 ,-0.12 ,-0.64 ,0.67 ,22.85 ,0.00 ,41.60 ,1.30 ,1.58 ,180.00 ,0.00 ,514.45 ,228.15 
-0.60 ,-0.61 ,-0.67 ,-0.39 ,1.13 ,-0.73 ,208.43 ,225.43 ,72.98 ,41.07 ,40.87 ,2.12 ,84.01 ,-0.17 ,-0.40 ,0.88 ,15.86 ,0.00 ,49.40 ,3.74 ,1.44 ,171.00 ,0.00 ,443.12 ,228.75 
-0.44 ,-0.26 ,-0.60 ,-0.25 ,0.82 ,-0.66 ,134.99 ,105.45 ,51.96 ,25.22 ,41.67 ,1.54 ,75.46 ,-0.15 ,-0.52 ,0.45 ,80.80 ,0.00 ,48.40 ,3.66 ,2.60 ,162.00 ,0.00 ,786.69 ,205.17 
-0.61 ,-0.87 ,-0.52 ,-0.32 ,0.27 ,-0.58 ,9.93 ,33.83 ,15.97 ,4.66 ,66.43 ,0.40 ,3.91 ,0.17 ,0.94 ,0.28 ,96.82 ,0.00 ,13.40 ,-1.62 ,3.66 ,144.00 ,0.00 ,1162.61 ,245.91 
-0.62 ,-0.74 ,-0.48 ,-0.52 ,0.51 ,-0.63 ,33.35 ,52.54 ,38.86 ,19.03 ,47.24 ,0.88 ,12.56 ,-0.08 ,4.78 ,0.24 ,8.26 ,0.00 ,19.20 ,-0.30 ,2.38 ,247.50 ,0.00 ,763.72 ,244.63 
-0.70 ,-0.79 ,-0.51 ,-0.51 ,0.52 ,-0.66 ,39.93 ,60.60 ,40.03 ,17.14 ,45.98 ,0.89 ,11.87 ,0.03 ,-0.81 ,0.30 ,35.16 ,0.00 ,19.60 ,2.66 ,2.40 ,198.00 ,0.00 ,837.32 ,245.84 
-0.61 ,-0.72 ,-0.55 ,-0.52 ,0.63 ,-0.70 ,65.96 ,96.89 ,58.25 ,29.74 ,42.31 ,1.38 ,25.68 ,-0.19 ,-0.56 ,0.39 ,45.86 ,0.00 ,26.80 ,4.16 ,1.86 ,139.50 ,0.00 ,639.87 ,228.99 
-0.57 ,-0.66 ,-0.56 ,-0.42 ,0.73 ,-0.72 ,64.49 ,85.24 ,55.52 ,23.92 ,39.16 ,1.42 ,27.44 ,-0.19 ,-0.55 ,0.11 ,36.74 ,0.00 ,28.80 ,4.00 ,2.44 ,193.50 ,0.00 ,711.64 ,250.79 
-0.33 ,-0.47 ,-0.63 ,-0.44 ,3.50 ,-0.70 ,94.00 ,123.87 ,78.95 ,42.10 ,17.40 ,1.81 ,63.19 ,-0.14 ,-0.32 ,0.47 ,6.38 ,0.01 ,42.00 ,4.04 ,1.94 ,175.50 ,0.00 ,569.61 ,214.06 
-0.69 ,-0.83 ,-0.73 ,-0.55 ,1.04 ,-0.76 ,104.57 ,202.91 ,69.00 ,31.40 ,41.36 ,1.75 ,32.92 ,-0.15 ,-0.29 ,0.59 ,20.10 ,0.00 ,25.80 ,7.88 ,2.20 ,234.00 ,0.00 ,642.09 ,250.26 
-0.51 ,-0.64 ,-0.73 ,-0.22 ,4.80 ,-0.64 ,203.91 ,291.21 ,77.39 ,33.67 ,20.90 ,1.96 ,99.48 ,-0.10 ,-0.21 ,0.74 ,36.45 ,0.00 ,49.00 ,9.58 ,1.42 ,130.50 ,0.00 ,471.03 ,245.06 
-0.61 ,-0.66 ,-0.58 ,-0.21 ,0.72 ,-0.72 ,166.59 ,201.43 ,53.60 ,18.36 ,50.32 ,1.74 ,64.74 ,-0.16 ,-0.26 ,0.66 ,12.87 ,0.00 ,44.80 ,9.78 ,2.02 ,180.00 ,0.00 ,688.81 ,251.68 
0.57 ,-0.13 ,-0.46 ,0.37 ,1.17 ,-0.39 ,52.02 ,98.41 ,54.84 ,16.88 ,45.30 ,0.98 ,81.86 ,0.10 ,-0.12 ,0.47 ,5.30 ,0.00 ,33.80 ,7.94 ,1.46 ,193.50 ,0.00 ,457.59 ,218.43 
-0.50 ,-0.79 ,-0.63 ,0.03 ,1.17 ,-0.60 ,83.71 ,207.25 ,64.03 ,14.66 ,41.93 ,1.18 ,42.18 ,-0.13 ,-0.21 ,0.71 ,12.08 ,0.00 ,30.00 ,9.36 ,1.60 ,229.50 ,0.00 ,645.60 ,198.48 
-0.70 ,-0.92 ,-0.58 ,0.09 ,0.48 ,-0.56 ,54.57 ,210.48 ,47.94 ,9.40 ,53.68 ,0.76 ,16.17 ,-0.05 ,-0.24 ,0.66 ,54.13 ,0.00 ,21.20 ,11.06 ,2.02 ,216.00 ,0.00 ,972.27 ,263.81 
-0.76 ,-0.95 ,-0.50 ,0.10 ,0.30 ,-0.43 ,22.87 ,116.02 ,27.95 ,5.07 ,61.03 ,0.43 ,5.56 ,0.20 ,-0.29 ,0.39 ,3.07 ,0.00 ,10.80 ,12.52 ,3.10 ,315.00 ,0.00 ,1141.87 ,270.13 
-0.70 ,-0.94 ,-0.52 ,0.02 ,0.30 ,-0.48 ,22.19 ,113.05 ,21.56 ,4.93 ,64.16 ,0.43 ,6.66 ,0.10 ,-0.26 ,0.38 ,42.70 ,0.00 ,15.40 ,8.22 ,2.62 ,157.50 ,0.00 ,900.33 ,260.40 
-0.73 ,-0.88 ,-0.59 ,-0.16 ,0.69 ,-0.59 ,35.24 ,86.61 ,40.33 ,8.73 ,44.23 ,0.74 ,9.68 ,-0.18 ,-0.19 ,0.74 ,28.89 ,0.00 ,23.80 ,7.62 ,1.74 ,229.50 ,0.00 ,823.83 ,274.32 
-0.53 ,-0.70 ,-0.56 ,-0.39 ,0.85 ,-0.75 ,77.29 ,130.10 ,62.97 ,28.08 ,42.77 ,1.80 ,36.70 ,-0.06 ,-0.16 ,0.27 ,6.28 ,0.00 ,28.40 ,7.90 ,2.28 ,144.00 ,0.00 ,607.42 ,274.24 
-0.27 ,-0.42 ,-0.57 ,-0.25 ,1.12 ,-0.65 ,117.43 ,155.25 ,68.67 ,35.28 ,51.16 ,1.75 ,85.95 ,-0.07 ,-0.14 ,0.61 ,1.85 ,0.00 ,41.60 ,9.34 ,1.66 ,180.00 ,0.00 ,620.19 ,269.12 
-0.14 ,-0.40 ,-0.60 ,0.00 ,0.66 ,-0.43 ,98.82 ,146.81 ,48.74 ,21.05 ,73.43 ,0.95 ,84.65 ,0.01 ,-0.17 ,0.88 ,3.94 ,0.00 ,39.20 ,12.08 ,1.76 ,193.50 ,0.00 ,669.34 ,273.99 
-0.25 ,-0.45 ,-0.62 ,-0.28 ,0.76 ,-0.48 ,97.97 ,138.45 ,48.46 ,29.32 ,70.31 ,0.98 ,73.25 ,-0.01 ,-0.15 ,0.93 ,10.90 ,0.00 ,39.20 ,12.68 ,1.80 ,211.50 ,0.00 ,581.55 ,253.78 
-0.60 ,-0.90 ,-0.49 ,-0.22 ,0.29 ,-0.39 ,69.41 ,285.59 ,29.05 ,10.97 ,64.56 ,0.56 ,27.42 ,-0.09 ,-0.17 ,0.36 ,6.01 ,0.00 ,36.40 ,15.56 ,3.04 ,319.50 ,0.00 ,993.80 ,276.40 
-0.64 ,-0.90 ,-0.66 ,-0.25 ,0.72 ,-0.57 ,76.75 ,281.86 ,55.99 ,18.70 ,56.20 ,1.02 ,27.28 ,-0.02 ,-0.14 ,0.68 ,15.50 ,0.00 ,38.40 ,13.96 ,2.14 ,157.50 ,0.00 ,630.48 ,243.78 
-0.37 ,-0.71 ,-0.63 ,-0.26 ,0.79 ,-0.56 ,138.68 ,320.57 ,54.76 ,30.76 ,73.46 ,1.39 ,87.42 ,-0.01 ,-0.14 ,0.46 ,2.77 ,0.01 ,48.40 ,15.86 ,2.22 ,153.00 ,0.00 ,476.72 ,214.54 
-0.38 ,-0.54 ,-0.28 ,-0.14 ,0.77 ,-0.65 ,138.00 ,195.12 ,47.49 ,19.80 ,47.30 ,2.14 ,85.27 ,0.11 ,-0.16 ,0.17 ,16.84 ,0.45 ,68.60 ,12.24 ,2.66 ,85.50 ,0.20 ,297.72 ,86.06 
-0.51 ,-0.59 ,-0.51 ,0.29 ,1.10 ,-0.52 ,59.17 ,74.85 ,45.89 ,7.02 ,35.97 ,0.82 ,28.90 ,0.00 ,-0.09 ,0.49 ,34.25 ,5.56 ,51.00 ,8.84 ,1.84 ,157.50 ,0.03 ,631.97 ,177.77 
-0.53 ,-0.62 ,-0.51 ,-0.49 ,0.57 ,-0.62 ,38.90 ,50.67 ,25.54 ,4.86 ,60.93 ,0.79 ,18.31 ,0.04 ,-0.12 ,0.04 ,31.11 ,-0.05 ,77.20 ,6.66 ,2.52 ,171.00 ,1.29 ,501.82 ,112.03 
-0.05 ,-0.33 ,-0.36 ,0.24 ,0.22 ,-0.49 ,30.85 ,45.12 ,24.54 ,5.09 ,80.46 ,0.65 ,29.41 ,0.00 ,-0.14 ,0.49 ,12.04 ,0.00 ,55.20 ,10.32 ,2.36 ,171.00 ,0.00 ,723.03 ,273.29 
-0.34 ,-0.42 ,-0.59 ,0.13 ,0.24 ,-0.57 ,69.02 ,81.34 ,38.35 ,8.12 ,85.21 ,0.89 ,45.73 ,-0.07 ,-0.02 ,0.55 ,9.61 ,0.01 ,58.80 ,10.48 ,1.48 ,166.50 ,0.00 ,700.44 ,241.19 
-0.69 ,-0.79 ,-0.68 ,-0.20 ,0.20 ,-0.54 ,56.69 ,86.03 ,27.86 ,4.70 ,66.34 ,0.54 ,17.34 ,-0.07 ,-0.12 ,0.27 ,55.06 ,0.01 ,37.20 ,10.88 ,3.86 ,238.50 ,0.00 ,1191.15 ,293.27 
-0.77 ,-0.86 ,-0.46 ,-0.13 ,0.21 ,-0.49 ,20.24 ,35.55 ,13.06 ,2.75 ,68.60 ,0.31 ,4.72 ,-0.04 ,-0.14 ,0.07 ,24.17 ,0.00 ,25.60 ,5.70 ,3.30 ,144.00 ,0.00 ,1219.62 ,268.95 
-0.59 ,-0.78 ,-0.37 ,-0.11 ,0.22 ,-0.44 ,28.04 ,54.11 ,23.95 ,5.69 ,66.83 ,0.44 ,11.60 ,-0.17 ,-0.20 ,0.19 ,6.33 ,0.00 ,28.00 ,6.32 ,2.14 ,207.00 ,0.00 ,1171.79 ,309.82 
-0.45 ,-0.53 ,-0.62 ,-0.07 ,0.80 ,-0.57 ,94.60 ,113.40 ,45.96 ,14.70 ,52.51 ,0.89 ,52.28 ,-0.15 ,-0.13 ,0.61 ,22.01 ,0.00 ,43.60 ,7.46 ,1.98 ,211.50 ,0.00 ,846.82 ,294.50 
-0.51 ,-0.52 ,-0.65 ,-0.12 ,0.76 ,-0.61 ,152.77 ,158.81 ,56.55 ,17.93 ,55.82 ,1.19 ,74.15 ,-0.22 ,-0.15 ,0.65 ,35.32 ,0.03 ,55.40 ,10.00 ,1.72 ,247.50 ,0.00 ,916.11 ,277.74 
-0.69 ,-0.67 ,-0.64 ,-0.22 ,0.45 ,-0.63 ,145.24 ,143.33 ,55.67 ,11.62 ,62.81 ,1.10 ,45.21 ,-0.22 ,-0.14 ,0.46 ,18.79 ,0.14 ,51.80 ,11.98 ,1.82 ,216.00 ,0.00 ,888.03 ,255.83 
-0.68 ,-0.68 ,-0.61 ,-0.70 ,0.35 ,-0.76 ,144.66 ,146.11 ,43.14 ,17.99 ,71.39 ,1.72 ,45.84 ,-0.08 ,-0.12 ,-0.08 ,18.53 ,1.16 ,61.80 ,12.54 ,2.82 ,162.00 ,0.39 ,774.39 ,262.24 
0.00 ,-0.51 ,-0.60 ,-0.48 ,0.29 ,-0.46 ,14.36 ,29.94 ,11.64 ,2.61 ,73.42 ,0.34 ,14.36 ,0.22 ,-0.21 ,0.40 ,92.50 ,-0.34 ,56.20 ,6.24 ,4.16 ,207.00 ,0.97 ,832.72 ,194.97 
-0.42 ,-0.64 ,-0.69 ,-0.25 ,0.14 ,-0.51 ,28.69 ,48.36 ,22.73 ,3.55 ,92.60 ,0.42 ,16.65 ,-0.13 ,-0.09 ,0.49 ,91.23 ,0.10 ,44.60 ,9.52 ,2.30 ,171.00 ,0.02 ,899.28 ,309.19 
-0.71 ,-0.80 ,-0.64 ,-0.14 ,0.23 ,-0.59 ,59.49 ,88.33 ,48.46 ,7.95 ,68.98 ,0.75 ,17.01 ,-0.31 ,-0.10 ,0.58 ,16.24 ,0.00 ,39.80 ,14.72 ,2.10 ,256.50 ,0.00 ,547.95 ,317.46 
-0.80 ,-0.92 ,-0.70 ,-0.37 ,0.59 ,-0.65 ,105.04 ,265.49 ,57.17 ,16.74 ,57.34 ,0.91 ,20.93 ,-0.23 ,-0.10 ,0.57 ,116.95 ,0.02 ,36.80 ,17.20 ,2.62 ,198.00 ,0.00 ,751.93 ,270.33 
-0.91 ,-0.98 ,-0.47 ,-0.38 ,0.15 ,-0.44 ,25.06 ,132.79 ,13.30 ,3.22 ,84.58 ,0.27 ,2.34 ,0.07 ,-0.12 ,0.29 ,4.32 ,0.00 ,13.60 ,14.46 ,4.32 ,315.00 ,0.00 ,1765.79 ,327.97 
-0.75 ,-0.90 ,-0.58 ,-0.41 ,0.61 ,-0.48 ,63.77 ,164.66 ,48.68 ,17.25 ,54.72 ,0.66 ,16.15 ,-0.31 ,-0.10 ,0.47 ,15.82 ,0.00 ,27.60 ,15.58 ,2.10 ,229.50 ,0.00 ,683.67 ,306.55 
-0.41 ,-0.70 ,-0.53 ,-0.29 ,0.99 ,-0.53 ,125.90 ,255.95 ,71.70 ,26.82 ,50.67 ,1.38 ,74.05 ,-0.12 ,-0.16 ,0.18 ,8.34 ,76.74 ,49.00 ,16.26 ,1.50 ,180.00 ,0.00 ,392.05 ,122.57 
-0.35 ,-0.69 ,-0.41 ,-0.19 ,0.24 ,-0.41 ,57.17 ,127.54 ,28.78 ,8.53 ,70.51 ,0.71 ,37.44 ,0.02 ,-0.17 ,0.12 ,23.04 ,0.01 ,39.20 ,15.32 ,2.62 ,126.00 ,0.00 ,743.38 ,180.62 
-0.63 ,-0.78 ,-0.68 ,-0.28 ,0.68 ,-0.55 ,63.73 ,113.39 ,37.12 ,7.86 ,59.91 ,0.76 ,23.83 ,-0.23 ,-0.13 ,0.75 ,17.25 ,0.00 ,37.60 ,13.96 ,1.80 ,238.50 ,0.00 ,1047.66 ,310.61 
-0.74 ,-0.87 ,-0.58 ,-0.44 ,0.27 ,-0.55 ,63.48 ,130.36 ,35.67 ,9.75 ,66.45 ,0.65 ,16.79 ,-0.21 ,-0.13 ,0.65 ,7.24 ,0.03 ,32.80 ,16.68 ,2.56 ,238.50 ,0.00 ,1106.49 ,277.12 
-0.77 ,-0.89 ,-0.63 ,-0.45 ,0.29 ,-0.57 ,47.27 ,102.44 ,41.11 ,10.25 ,68.61 ,0.63 ,10.83 ,-0.29 ,-0.10 ,0.86 ,8.74 ,0.00 ,32.80 ,16.58 ,1.92 ,198.00 ,0.00 ,916.29 ,321.64 
-0.66 ,-0.82 ,-0.57 ,-0.35 ,0.39 ,-0.48 ,55.55 ,109.87 ,39.26 ,11.94 ,62.53 ,0.62 ,18.67 ,-0.28 ,-0.13 ,0.44 ,70.26 ,0.00 ,33.40 ,19.02 ,2.30 ,139.50 ,0.00 ,919.58 ,303.88 
-0.65 ,-0.87 ,-0.59 ,-0.12 ,0.29 ,-0.52 ,51.86 ,151.67 ,42.82 ,8.74 ,70.58 ,0.63 ,18.08 ,-0.29 ,-0.10 ,0.64 ,55.63 ,0.00 ,29.40 ,17.32 ,1.86 ,180.00 ,0.00 ,860.21 ,328.43 
-0.79 ,-0.89 ,-0.71 ,-0.47 ,0.06 ,-0.61 ,71.99 ,151.48 ,51.81 ,14.09 ,94.44 ,0.80 ,15.47 ,-0.36 ,-0.08 ,0.91 ,14.57 ,0.00 ,31.80 ,20.44 ,1.84 ,238.50 ,0.00 ,869.78 ,332.28 
-0.69 ,-0.82 ,-0.74 ,-0.54 ,0.05 ,-0.60 ,91.94 ,166.76 ,43.17 ,19.80 ,119.67 ,0.90 ,28.18 ,-0.28 ,-0.10 ,0.75 ,26.05 ,0.04 ,38.60 ,22.52 ,2.12 ,207.00 ,0.00 ,802.29 ,326.11 
-0.45 ,-0.66 ,-0.65 ,-0.59 ,0.25 ,-0.50 ,78.88 ,133.76 ,37.76 ,15.02 ,103.65 ,0.90 ,43.74 ,-0.10 ,-0.12 ,0.69 ,59.34 ,1.29 ,54.20 ,20.82 ,1.50 ,220.50 ,0.38 ,548.44 ,276.41 
-0.18 ,-0.48 ,-0.51 ,-0.46 ,0.34 ,-0.48 ,45.93 ,75.47 ,33.62 ,7.63 ,82.60 ,0.81 ,37.48 ,-0.08 ,-0.09 ,0.64 ,8.79 ,0.36 ,63.40 ,18.60 ,1.58 ,103.50 ,0.00 ,636.46 ,314.67 
-0.44 ,-0.51 ,-0.51 ,0.04 ,0.34 ,-0.58 ,110.54 ,134.84 ,41.78 ,11.47 ,97.09 ,1.20 ,62.29 ,-0.14 ,-0.07 ,0.55 ,6.86 ,0.00 ,63.20 ,20.04 ,1.66 ,175.50 ,0.00 ,651.15 ,331.05 
-0.40 ,-0.51 ,-0.52 ,0.00 ,0.16 ,-0.56 ,119.56 ,153.06 ,38.61 ,14.45 ,120.05 ,1.11 ,71.33 ,-0.17 ,-0.06 ,0.68 ,15.68 ,0.01 ,62.00 ,21.60 ,2.06 ,144.00 ,0.00 ,626.80 ,329.46 
-0.47 ,-0.57 ,-0.58 ,-0.31 ,0.55 ,-0.62 ,118.27 ,153.53 ,36.21 ,14.32 ,72.93 ,1.02 ,63.09 ,-0.07 ,-0.06 ,0.49 ,62.88 ,-0.02 ,74.20 ,17.12 ,2.06 ,238.50 ,0.58 ,473.89 ,167.80 
-0.75 ,-0.84 ,-0.56 ,-0.26 ,0.41 ,-0.58 ,47.23 ,75.96 ,24.14 ,3.90 ,75.12 ,0.61 ,11.72 ,-0.19 ,-0.04 ,0.25 ,2.83 ,-0.52 ,71.00 ,17.38 ,1.86 ,193.50 ,0.42 ,756.18 ,327.73 
-0.82 ,-0.90 ,-0.58 ,-0.14 ,0.20 ,-0.54 ,43.08 ,83.91 ,19.86 ,2.86 ,73.84 ,0.44 ,7.83 ,-0.32 ,-0.09 ,0.47 ,5.37 ,0.00 ,33.20 ,17.24 ,3.38 ,315.00 ,0.00 ,1444.70 ,336.89 
-0.80 ,-0.92 ,-0.62 ,-0.40 ,0.13 ,-0.43 ,22.58 ,64.18 ,18.50 ,4.61 ,85.95 ,0.30 ,4.58 ,-0.19 ,-0.08 ,0.45 ,8.20 ,0.00 ,20.80 ,16.64 ,2.86 ,229.50 ,0.00 ,1245.90 ,357.01 
-0.72 ,-0.86 ,-0.59 ,-0.28 ,0.26 ,-0.51 ,46.91 ,101.59 ,31.80 ,8.86 ,75.45 ,0.51 ,13.34 ,-0.33 ,-0.08 ,0.60 ,51.01 ,0.00 ,34.40 ,18.12 ,1.90 ,292.50 ,0.00 ,1167.82 ,343.10 
-0.64 ,-0.89 ,-0.48 ,0.04 ,0.24 ,-0.45 ,20.79 ,76.80 ,23.19 ,4.50 ,73.99 ,0.35 ,7.56 ,0.00 ,-0.12 ,0.66 ,24.25 ,0.00 ,17.40 ,16.54 ,2.22 ,130.50 ,0.00 ,1047.19 ,331.45 
-0.48 ,-0.80 ,-0.49 ,0.00 ,0.36 ,-0.55 ,42.45 ,119.88 ,34.60 ,6.93 ,71.31 ,0.62 ,22.13 ,-0.06 ,-0.07 ,0.28 ,44.84 ,0.03 ,31.20 ,16.78 ,2.36 ,193.50 ,0.00 ,1183.60 ,327.60 
-0.23 ,-0.61 ,-0.45 ,-0.41 ,0.23 ,-0.64 ,58.16 ,118.72 ,32.18 ,12.12 ,85.65 ,1.00 ,44.68 ,-0.02 ,-0.11 ,0.29 ,23.41 ,0.24 ,45.00 ,16.92 ,2.10 ,121.50 ,0.00 ,971.24 ,314.12 
-0.20 ,-0.41 ,-0.64 ,-0.41 ,1.28 ,-0.75 ,37.60 ,53.11 ,30.45 ,8.30 ,41.81 ,1.01 ,30.14 ,-0.03 ,-0.07 ,0.59 ,16.28 ,-0.41 ,61.80 ,11.40 ,2.10 ,148.50 ,0.49 ,773.08 ,149.43 
-0.32 ,-0.54 ,-0.64 ,0.01 ,2.16 ,-0.73 ,34.56 ,52.96 ,39.51 ,4.86 ,26.09 ,1.19 ,23.46 ,0.00 ,-0.07 ,0.70 ,40.72 ,-0.50 ,76.00 ,9.30 ,1.62 ,112.50 ,2.29 ,481.93 ,32.60 
-0.67 ,-0.69 ,-0.70 ,-0.62 ,0.95 ,-0.73 ,26.53 ,29.78 ,26.11 ,2.86 ,43.99 ,0.82 ,8.88 ,-0.14 ,-0.03 ,0.37 ,109.11 ,0.09 ,63.20 ,11.74 ,2.66 ,189.00 ,0.11 ,1244.69 ,273.49 
-0.83 ,-0.92 ,-0.70 ,-0.29 ,0.14 ,-0.62 ,19.66 ,45.42 ,32.45 ,2.95 ,72.62 ,0.46 ,3.37 ,-0.29 ,-0.05 ,0.86 ,2.61 ,2.65 ,47.80 ,16.64 ,2.74 ,310.50 ,0.02 ,1355.74 ,312.26 
-0.85 ,-0.93 ,-0.68 ,-0.28 ,0.18 ,-0.64 ,56.18 ,126.19 ,51.90 ,8.58 ,70.83 ,0.72 ,8.50 ,-0.46 ,-0.06 ,0.82 ,10.57 ,0.00 ,45.60 ,20.40 ,1.92 ,247.50 ,0.00 ,681.73 ,320.75 
-0.86 ,-0.95 ,-0.64 ,-0.55 ,0.04 ,-0.49 ,21.00 ,65.31 ,25.28 ,5.25 ,79.41 ,0.34 ,2.95 ,-0.03 ,-0.08 ,0.34 ,55.94 ,0.03 ,28.80 ,20.46 ,3.04 ,252.00 ,0.00 ,998.55 ,333.80 
-0.75 ,-0.86 ,-0.45 ,-0.23 ,0.01 ,-0.49 ,26.97 ,54.34 ,23.84 ,4.89 ,84.42 ,0.43 ,6.88 ,-0.15 ,-0.10 ,0.43 ,47.48 ,6.06 ,33.80 ,19.26 ,2.26 ,157.50 ,0.00 ,1263.04 ,344.93 
-0.71 ,-0.85 ,-0.63 ,-0.37 ,0.01 ,-0.59 ,47.77 ,96.19 ,35.82 ,9.61 ,98.57 ,0.65 ,14.00 ,-0.32 ,-0.08 ,0.63 ,37.14 ,0.00 ,37.80 ,19.70 ,2.02 ,238.50 ,0.00 ,1057.52 ,365.20 
-0.57 ,-0.69 ,-0.70 ,-0.26 ,0.18 ,-0.61 ,116.81 ,171.02 ,35.46 ,14.10 ,108.59 ,1.06 ,50.53 ,-0.17 ,-0.08 ,0.69 ,1.09 ,21.51 ,63.60 ,21.20 ,1.86 ,184.50 ,0.05 ,505.19 ,296.66 
-0.88 ,-0.93 ,-0.64 ,-0.41 ,0.20 ,-0.55 ,47.41 ,80.30 ,26.53 ,3.10 ,71.17 ,0.50 ,5.60 ,-0.17 ,-0.11 ,0.46 ,9.28 ,-0.51 ,38.20 ,20.98 ,3.32 ,301.50 ,0.11 ,1351.70 ,363.19 
-0.84 ,-0.96 ,-0.51 ,-0.33 ,0.11 ,-0.47 ,12.78 ,51.24 ,15.30 ,2.34 ,77.98 ,0.29 ,2.10 ,0.04 ,-0.10 ,0.62 ,78.52 ,0.00 ,20.20 ,19.78 ,3.60 ,252.00 ,0.00 ,1467.74 ,370.08 
-0.81 ,-0.91 ,-0.53 ,-0.21 ,0.01 ,-0.47 ,16.98 ,40.22 ,21.56 ,3.01 ,81.57 ,0.33 ,3.24 ,-0.14 ,-0.08 ,0.34 ,7.87 ,0.00 ,30.80 ,20.92 ,2.58 ,279.00 ,0.00 ,1308.96 ,360.74 
-0.73 ,-0.88 ,-0.62 ,-0.41 ,0.06 ,-0.51 ,35.72 ,85.53 ,36.56 ,9.03 ,88.57 ,0.52 ,9.66 ,-0.21 ,-0.07 ,0.62 ,18.60 ,0.00 ,34.20 ,21.12 ,2.24 ,216.00 ,0.00 ,861.86 ,290.44 
-0.49 ,-0.69 ,-0.58 ,-0.34 ,-0.20 ,-0.57 ,50.59 ,89.30 ,37.49 ,14.45 ,136.84 ,0.74 ,25.97 ,-0.25 ,-0.06 ,0.60 ,52.68 ,0.03 ,43.00 ,21.20 ,1.66 ,207.00 ,0.00 ,770.18 ,354.94 
-0.54 ,-0.68 ,-0.63 ,-0.43 ,-0.11 ,-0.59 ,90.57 ,137.69 ,47.11 ,19.02 ,140.93 ,0.99 ,41.82 ,-0.20 ,-0.08 ,0.62 ,8.97 ,0.16 ,47.60 ,22.88 ,1.66 ,175.50 ,0.00 ,757.70 ,335.60 
-0.51 ,-0.65 ,-0.72 ,-0.49 ,0.00 ,-0.63 ,108.42 ,156.86 ,48.02 ,20.27 ,138.31 ,1.17 ,53.06 ,-0.13 ,-0.10 ,0.77 ,13.20 ,11.19 ,48.00 ,24.22 ,1.68 ,166.50 ,0.02 ,709.52 ,332.60 
-0.52 ,-0.70 ,-0.70 ,-0.56 ,-0.12 ,-0.65 ,96.57 ,158.92 ,42.15 ,23.79 ,163.62 ,1.10 ,46.10 ,-0.17 ,-0.08 ,1.19 ,13.96 ,0.06 ,44.80 ,25.60 ,1.64 ,171.00 ,0.00 ,711.12 ,352.86 
-0.38 ,-0.62 ,-0.61 ,-0.37 ,-0.03 ,-0.58 ,84.22 ,144.24 ,36.44 ,18.83 ,153.73 ,0.91 ,52.31 ,-0.19 ,-0.08 ,0.95 ,4.10 ,0.03 ,43.60 ,26.74 ,2.02 ,175.50 ,0.00 ,670.67 ,353.20 
-0.24 ,-0.48 ,-0.55 ,-0.13 ,0.04 ,-0.56 ,90.99 ,139.78 ,31.53 ,13.93 ,148.12 ,0.92 ,68.96 ,-0.10 ,-0.08 ,0.85 ,20.61 ,0.00 ,49.20 ,24.92 ,1.94 ,175.50 ,0.00 ,736.01 ,331.36 
-0.25 ,-0.42 ,-0.51 ,-0.46 ,0.07 ,-0.60 ,113.42 ,152.89 ,35.47 ,25.71 ,142.89 ,1.18 ,85.36 ,-0.06 ,-0.07 ,0.77 ,22.44 ,0.41 ,56.80 ,23.98 ,1.84 ,148.50 ,0.00 ,572.31 ,238.36 
-0.12 ,-0.43 ,-0.55 ,0.19 ,0.29 ,-0.53 ,61.97 ,99.77 ,40.68 ,8.39 ,87.17 ,0.86 ,54.49 ,-0.12 ,-0.07 ,0.49 ,12.33 ,5.03 ,53.20 ,23.56 ,1.66 ,166.50 ,0.04 ,827.18 ,286.53 
-0.38 ,-0.63 ,-0.63 ,-0.12 ,0.06 ,-0.58 ,58.58 ,102.48 ,38.35 ,9.09 ,102.94 ,0.86 ,36.13 ,0.05 ,-0.10 ,0.64 ,5.36 ,0.62 ,44.00 ,22.86 ,2.04 ,180.00 ,0.00 ,785.83 ,329.24 
-0.52 ,-0.73 ,-0.71 ,-0.63 ,-0.06 ,-0.62 ,57.02 ,104.62 ,37.83 ,16.87 ,119.04 ,0.87 ,27.15 ,-0.04 ,-0.08 ,1.25 ,25.21 ,0.68 ,48.20 ,25.28 ,1.80 ,225.00 ,0.00 ,680.86 ,327.30 
-0.70 ,-0.83 ,-0.65 ,-0.68 ,-0.22 ,-0.60 ,86.23 ,156.81 ,38.54 ,16.29 ,140.05 ,0.96 ,25.69 ,-0.01 ,-0.11 ,0.25 ,8.74 ,1.02 ,45.00 ,27.16 ,1.72 ,198.00 ,0.00 ,587.06 ,295.48 
-0.82 ,-0.91 ,-0.47 ,-0.55 ,0.02 ,-0.62 ,33.83 ,68.74 ,24.13 ,6.09 ,79.27 ,0.64 ,6.05 ,-0.02 ,-0.10 ,0.23 ,2.74 ,0.07 ,28.40 ,25.60 ,3.18 ,252.00 ,0.00 ,1361.96 ,377.87 
-0.56 ,-0.84 ,-0.54 ,-0.16 ,0.13 ,-0.49 ,32.20 ,91.93 ,34.22 ,7.77 ,85.52 ,0.52 ,14.10 ,-0.25 ,-0.07 ,0.73 ,35.80 ,0.00 ,32.40 ,23.52 ,1.56 ,189.00 ,0.00 ,1147.51 ,324.13 
-0.42 ,-0.70 ,-0.56 ,-0.30 ,1.02 ,-0.85 ,49.24 ,100.98 ,47.93 ,10.51 ,50.87 ,2.68 ,28.41 ,-0.09 ,-0.06 ,0.44 ,39.07 ,0.22 ,69.20 ,18.54 ,1.74 ,234.00 ,0.90 ,362.03 ,114.30 
-0.68 ,-0.74 ,-0.60 ,-0.58 ,0.77 ,-0.94 ,46.15 ,61.02 ,37.30 ,9.25 ,49.82 ,4.96 ,14.79 ,-0.18 ,-0.05 ,0.36 ,1.06 ,1.07 ,62.80 ,21.62 ,1.66 ,193.50 ,0.22 ,714.27 ,343.48 
-0.51 ,-0.79 ,-0.55 ,-0.56 ,-0.06 ,-0.93 ,29.93 ,73.94 ,29.10 ,8.24 ,94.21 ,3.94 ,14.70 ,-0.09 ,-0.09 ,0.36 ,26.48 ,0.97 ,56.60 ,22.32 ,2.12 ,198.00 ,0.30 ,678.44 ,315.97 
-0.65 ,-0.84 ,-0.63 ,-0.52 ,0.42 ,-0.88 ,15.18 ,35.12 ,30.14 ,5.51 ,56.12 ,2.01 ,5.25 ,-0.17 ,-0.07 ,0.36 ,3.87 ,0.20 ,54.20 ,20.00 ,1.62 ,234.00 ,0.04 ,960.05 ,261.16 
-0.58 ,-0.78 ,-0.66 ,-0.32 ,0.37 ,-0.53 ,20.12 ,39.91 ,35.63 ,6.07 ,63.85 ,0.51 ,8.40 ,-0.25 ,-0.02 ,0.41 ,9.52 ,2.83 ,54.60 ,20.66 ,1.74 ,225.00 ,0.02 ,1120.28 ,358.40 
-0.36 ,-0.63 ,-0.64 ,-0.47 ,0.26 ,-0.69 ,49.39 ,92.60 ,44.15 ,19.90 ,101.47 ,1.09 ,31.79 ,-0.15 ,-0.06 ,0.52 ,16.31 ,-0.07 ,55.60 ,22.60 ,2.28 ,76.50 ,0.17 ,630.92 ,290.78 
-0.34 ,-0.41 ,-0.58 ,-0.47 ,0.63 ,-0.70 ,71.35 ,84.34 ,31.37 ,8.47 ,74.75 ,1.33 ,46.88 ,-0.10 ,-0.04 ,0.34 ,19.42 ,1.18 ,78.20 ,20.28 ,1.78 ,108.00 ,0.58 ,477.48 ,251.54 
-0.56 ,-0.69 ,-0.39 ,-0.35 ,0.11 ,-0.60 ,20.21 ,30.42 ,20.87 ,3.64 ,66.34 ,0.63 ,8.97 ,-0.08 ,-0.06 ,0.43 ,63.62 ,-0.17 ,58.20 ,20.42 ,2.64 ,252.00 ,0.65 ,905.56 ,297.77 
-0.78 ,-0.91 ,-0.57 ,-0.70 ,0.20 ,-0.58 ,9.64 ,25.48 ,22.84 ,5.24 ,70.32 ,0.49 ,2.16 ,-0.09 ,-0.04 ,0.60 ,13.25 ,5.93 ,52.40 ,21.38 ,2.98 ,279.00 ,0.03 ,1068.94 ,311.44 
-0.39 ,-0.74 ,-0.39 ,-0.51 ,0.05 ,-0.60 ,13.07 ,32.44 ,18.70 ,5.01 ,84.17 ,0.70 ,8.01 ,-0.08 ,-0.05 ,0.31 ,45.09 ,1.81 ,64.40 ,21.36 ,1.98 ,130.50 ,0.33 ,738.78 ,285.26 
-0.34 ,-0.67 ,-0.61 ,-0.17 ,-0.05 ,-0.58 ,20.71 ,43.55 ,27.38 ,4.75 ,95.70 ,0.74 ,13.65 ,-0.11 ,-0.06 ,0.30 ,74.23 ,42.54 ,57.80 ,23.54 ,1.70 ,94.50 ,0.00 ,917.07 ,350.72 
-0.61 ,-0.73 ,-0.61 ,-0.49 ,-0.04 ,-0.68 ,78.00 ,118.25 ,36.19 ,15.52 ,130.27 ,1.30 ,30.24 ,-0.09 ,-0.08 ,0.41 ,20.97 ,0.56 ,57.60 ,24.68 ,1.72 ,198.00 ,0.00 ,657.70 ,292.88 
-0.60 ,-0.71 ,-0.57 ,-0.35 ,0.01 ,-0.61 ,97.19 ,143.15 ,42.43 ,14.48 ,132.82 ,1.15 ,39.14 ,-0.06 ,-0.07 ,0.49 ,17.05 ,0.73 ,59.40 ,24.70 ,1.40 ,148.50 ,0.39 ,697.96 ,335.45 
-0.46 ,-0.65 ,-0.52 ,-0.24 ,0.04 ,-0.53 ,50.10 ,80.18 ,32.86 ,6.41 ,111.68 ,0.79 ,27.08 ,-0.11 ,-0.06 ,0.17 ,163.96 ,0.30 ,62.00 ,24.50 ,1.88 ,81.00 ,0.48 ,675.33 ,340.24 
-0.74 ,-0.84 ,-0.51 ,-0.51 ,0.07 ,-0.65 ,26.46 ,45.48 ,27.17 ,5.17 ,65.76 ,0.67 ,6.97 ,0.04 ,-0.09 ,0.38 ,54.46 ,0.23 ,38.40 ,24.98 ,2.30 ,301.50 ,0.00 ,1271.50 ,345.51 
-0.53 ,-0.80 ,-0.50 ,-0.53 ,0.47 ,-0.58 ,17.33 ,43.03 ,24.79 ,4.85 ,51.09 ,0.60 ,8.17 ,-0.08 ,-0.06 ,0.28 ,65.07 ,0.02 ,64.40 ,19.62 ,2.04 ,157.50 ,0.42 ,674.46 ,275.89 
-0.66 ,-0.79 ,-0.65 ,-0.15 ,0.41 ,-0.57 ,26.50 ,44.59 ,35.03 ,4.08 ,61.13 ,0.64 ,8.90 ,-0.12 ,-0.06 ,0.69 ,48.72 ,0.01 ,56.00 ,23.18 ,1.44 ,76.50 ,0.00 ,914.10 ,364.85 
-0.57 ,-0.74 ,-0.66 ,-0.31 ,-0.05 ,-0.49 ,42.83 ,77.20 ,36.42 ,8.19 ,125.57 ,0.67 ,18.45 ,-0.11 ,-0.06 ,0.73 ,24.33 ,0.04 ,50.00 ,24.96 ,1.60 ,180.00 ,0.00 ,879.65 ,295.80 
-0.67 ,-0.75 ,-0.58 ,-0.54 ,-0.14 ,-0.63 ,90.99 ,128.18 ,38.49 ,17.03 ,143.38 ,1.12 ,30.29 ,-0.09 ,-0.07 ,0.41 ,7.07 ,149.30 ,55.00 ,24.56 ,1.82 ,184.50 ,0.00 ,763.83 ,304.47 
-0.71 ,-0.70 ,-0.50 ,-0.45 ,-0.08 ,-0.70 ,169.31 ,175.96 ,35.99 ,13.81 ,147.28 ,1.57 ,49.60 ,-0.01 ,-0.08 ,0.63 ,15.82 ,171.02 ,62.80 ,25.02 ,1.80 ,153.00 ,0.01 ,571.22 ,281.11 
-0.64 ,-0.67 ,-0.64 ,-0.48 ,0.52 ,-0.63 ,115.90 ,135.00 ,37.09 ,9.24 ,80.25 ,1.09 ,42.21 ,-0.05 ,-0.04 ,1.20 ,1.49 ,3.18 ,71.20 ,23.64 ,1.30 ,184.50 ,0.18 ,590.54 ,274.74 
-0.66 ,-0.67 ,-0.50 ,0.13 ,0.37 ,-0.58 ,121.49 ,129.31 ,41.70 ,7.06 ,76.51 ,1.06 ,40.73 ,-0.05 ,-0.07 ,0.87 ,24.44 ,24.21 ,75.00 ,23.30 ,1.12 ,130.50 ,0.04 ,490.65 ,203.83 
-0.68 ,-0.59 ,-0.26 ,0.57 ,-0.06 ,-0.54 ,100.11 ,82.25 ,22.55 ,3.51 ,116.95 ,0.93 ,32.29 ,-0.06 ,-0.04 ,0.26 ,32.05 ,0.66 ,78.80 ,22.94 ,1.60 ,121.50 ,0.77 ,496.53 ,249.10 
-0.51 ,-0.47 ,-0.40 ,0.40 ,0.37 ,-0.45 ,82.95 ,79.06 ,26.64 ,5.18 ,88.24 ,0.80 ,40.53 ,-0.05 ,-0.03 ,0.30 ,15.97 ,4.65 ,74.60 ,23.90 ,1.90 ,130.50 ,0.07 ,598.88 ,330.40 
-0.63 ,-0.56 ,-0.55 ,-0.02 ,0.12 ,-0.61 ,136.83 ,120.06 ,28.02 ,7.71 ,114.52 ,1.18 ,50.95 ,-0.04 ,-0.07 ,0.41 ,39.28 ,0.48 ,68.60 ,26.58 ,2.14 ,126.00 ,0.00 ,598.34 ,299.20 
-0.55 ,-0.19 ,-0.51 ,0.04 ,0.97 ,-0.56 ,103.54 ,59.93 ,30.77 ,5.10 ,52.82 ,1.01 ,46.18 ,0.00 ,-0.06 ,0.35 ,2.95 ,10.02 ,78.40 ,22.22 ,1.78 ,76.50 ,0.10 ,326.76 ,111.49 
-0.58 ,-0.78 ,-0.45 ,-0.11 ,0.33 ,-0.40 ,14.66 ,30.02 ,21.65 ,2.65 ,55.83 ,0.38 ,6.15 ,-0.03 ,-0.06 ,0.26 ,7.91 ,-0.34 ,64.60 ,21.18 ,2.16 ,225.00 ,0.37 ,541.30 ,265.63 
-0.70 ,-0.86 ,-0.51 ,-0.06 ,0.45 ,-0.43 ,20.78 ,46.25 ,27.89 ,3.27 ,45.67 ,0.42 ,6.13 ,-0.11 ,-0.06 ,0.52 ,25.58 ,2.09 ,53.80 ,23.38 ,2.00 ,261.00 ,0.07 ,963.53 ,313.93 
-0.57 ,-0.80 ,-0.44 ,-0.42 ,0.20 ,-0.30 ,8.53 ,20.27 ,21.43 ,4.69 ,55.74 ,0.30 ,3.69 ,-0.08 ,-0.06 ,0.58 ,40.49 ,0.01 ,42.60 ,24.12 ,1.96 ,252.00 ,0.00 ,1192.04 ,335.92 
-0.61 ,-0.84 ,-0.56 ,-0.55 ,-0.12 ,-0.71 ,22.52 ,60.11 ,27.52 ,10.64 ,95.53 ,0.81 ,8.81 ,-0.11 ,-0.06 ,0.45 ,21.14 ,0.05 ,41.60 ,23.98 ,2.12 ,135.00 ,0.00 ,1040.64 ,350.90 
-0.13 ,-0.55 ,-0.65 ,0.24 ,0.99 ,-0.56 ,31.25 ,64.43 ,37.52 ,6.95 ,56.94 ,0.68 ,27.03 ,-0.11 ,-0.03 ,0.73 ,13.21 ,-0.30 ,61.00 ,21.34 ,1.40 ,162.00 ,0.20 ,689.05 ,310.91 
-0.27 ,-0.46 ,-0.70 ,-0.11 ,0.30 ,-0.62 ,57.14 ,79.88 ,30.30 ,9.65 ,107.24 ,0.92 ,41.67 ,-0.07 ,-0.04 ,0.41 ,0.46 ,0.02 ,61.80 ,22.44 ,1.84 ,148.50 ,0.00 ,748.84 ,364.47 
-0.18 ,-0.31 ,-0.62 ,-0.06 ,0.11 ,-0.64 ,64.88 ,79.70 ,28.30 ,10.18 ,118.69 ,1.02 ,52.90 ,-0.02 ,-0.06 ,0.30 ,5.96 ,0.04 ,59.40 ,24.14 ,1.98 ,166.50 ,0.00 ,723.38 ,357.21 
-0.15 ,-0.36 ,-0.49 ,0.01 ,0.05 ,-0.56 ,64.83 ,91.09 ,29.67 ,10.67 ,125.83 ,0.90 ,55.31 ,0.03 ,-0.07 ,0.50 ,9.81 ,0.28 ,57.20 ,25.62 ,1.66 ,153.00 ,0.00 ,684.07 ,338.53 
-0.54 ,-0.57 ,-0.46 ,0.30 ,-0.01 ,-0.61 ,112.89 ,126.50 ,31.05 ,8.52 ,131.15 ,1.02 ,51.68 ,-0.07 ,-0.05 ,0.64 ,9.36 ,0.10 ,59.60 ,26.28 ,1.78 ,162.00 ,0.00 ,614.87 ,354.30 
-0.35 ,-0.52 ,-0.45 ,0.11 ,0.00 ,-0.56 ,65.88 ,94.33 ,33.80 ,10.49 ,119.49 ,0.81 ,42.63 ,-0.09 ,-0.06 ,0.64 ,9.01 ,0.01 ,52.80 ,26.82 ,2.02 ,139.50 ,0.00 ,736.56 ,360.44 
0.06 ,-0.40 ,-0.41 ,0.38 ,0.11 ,-0.39 ,45.43 ,85.14 ,30.42 ,8.39 ,113.56 ,0.62 ,48.17 ,-0.13 ,-0.07 ,0.55 ,4.62 ,2.67 ,55.80 ,26.40 ,1.98 ,162.00 ,0.05 ,790.16 ,352.26 
-0.27 ,-0.45 ,-0.50 ,0.14 ,-0.02 ,-0.52 ,96.30 ,133.98 ,30.53 ,8.81 ,137.10 ,0.96 ,70.61 ,-0.01 ,-0.08 ,0.96 ,12.66 ,7.80 ,61.00 ,27.38 ,1.30 ,180.00 ,0.08 ,652.03 ,352.13 
-0.54 ,-0.70 ,-0.69 ,0.14 ,-0.21 ,-0.53 ,102.73 ,163.84 ,39.02 ,5.91 ,142.40 ,0.88 ,47.03 ,-0.04 ,-0.07 ,0.13 ,50.40 ,0.42 ,56.20 ,28.86 ,1.44 ,130.50 ,0.00 ,664.41 ,357.50 
-0.75 ,-0.86 ,-0.62 ,0.01 ,-0.35 ,-0.42 ,51.89 ,96.10 ,37.72 ,3.40 ,139.96 ,0.60 ,12.87 ,-0.01 ,-0.08 ,0.42 ,10.16 ,352.63 ,47.60 ,30.16 ,1.50 ,166.50 ,0.00 ,731.36 ,337.16 
-0.38 ,-0.69 ,-0.23 ,0.08 ,-0.24 ,-0.33 ,36.95 ,79.38 ,28.51 ,5.86 ,143.42 ,0.62 ,22.94 ,0.05 ,-0.06 ,0.06 ,75.61 ,1.30 ,52.20 ,28.04 ,2.02 ,256.50 ,0.30 ,513.47 ,305.34 
-0.28 ,-0.63 ,-0.52 ,0.64 ,0.37 ,-0.32 ,39.95 ,83.91 ,44.78 ,4.71 ,83.27 ,0.66 ,28.95 ,0.02 ,-0.05 ,0.29 ,111.93 ,25.49 ,63.60 ,24.96 ,1.46 ,126.00 ,0.01 ,289.58 ,161.90 
-0.50 ,-0.66 ,-0.55 ,-0.24 ,0.17 ,-0.51 ,35.88 ,55.82 ,24.26 ,2.66 ,85.25 ,0.61 ,17.87 ,-0.03 ,-0.04 ,0.30 ,70.15 ,0.71 ,83.00 ,21.96 ,1.94 ,58.50 ,1.24 ,354.00 ,160.02 
-0.43 ,-0.63 ,-0.59 ,-0.18 ,0.87 ,-0.58 ,35.03 ,57.52 ,27.06 ,3.16 ,58.01 ,0.73 ,19.82 ,-0.06 ,-0.04 ,0.71 ,19.51 ,-0.20 ,79.40 ,22.62 ,1.42 ,85.50 ,1.35 ,543.34 ,267.40 
-0.44 ,-0.52 ,-0.48 ,0.47 ,0.25 ,-0.51 ,43.56 ,54.23 ,22.83 ,2.46 ,89.50 ,0.72 ,24.22 ,-0.03 ,-0.06 ,0.48 ,15.35 ,0.77 ,81.80 ,22.56 ,1.48 ,130.50 ,1.10 ,418.05 ,231.99 
-0.63 ,-0.64 ,-0.68 ,0.00 ,0.56 ,-0.55 ,61.60 ,68.00 ,27.15 ,2.55 ,73.64 ,0.78 ,22.97 ,-0.06 ,-0.04 ,0.63 ,28.20 ,-0.09 ,85.00 ,22.60 ,1.52 ,166.50 ,1.90 ,490.42 ,259.61 
-0.69 ,-0.70 ,-0.59 ,0.19 ,0.50 ,-0.57 ,72.88 ,81.72 ,26.18 ,2.60 ,71.14 ,0.78 ,22.56 ,-0.02 ,-0.07 ,0.66 ,6.60 ,5.76 ,79.60 ,24.26 ,1.58 ,153.00 ,0.22 ,508.29 ,294.65 
-0.76 ,-0.66 ,-0.24 ,0.42 ,-0.11 ,-0.55 ,125.95 ,92.89 ,23.96 ,4.05 ,112.34 ,0.89 ,29.97 ,-0.04 ,-0.06 ,0.55 ,18.99 ,5.71 ,80.40 ,24.68 ,1.42 ,207.00 ,0.19 ,413.15 ,252.17 
-0.61 ,-0.62 ,-0.43 ,0.46 ,0.04 ,-0.47 ,58.41 ,62.64 ,27.17 ,3.22 ,94.01 ,0.69 ,22.71 ,-0.06 ,-0.03 ,0.40 ,47.52 ,0.07 ,79.40 ,24.00 ,1.14 ,207.00 ,1.18 ,430.06 ,262.30 
-0.45 ,-0.57 ,-0.55 ,0.54 ,0.33 ,-0.52 ,40.87 ,55.39 ,34.16 ,2.80 ,66.90 ,0.73 ,22.52 ,-0.12 ,-0.04 ,0.23 ,49.56 ,9.72 ,75.00 ,24.86 ,1.18 ,247.50 ,0.09 ,633.32 ,319.21 
-0.71 ,-0.80 ,-0.55 ,0.30 ,0.11 ,-0.60 ,48.14 ,75.22 ,33.75 ,3.28 ,75.65 ,0.83 ,14.13 ,-0.09 ,-0.08 ,0.29 ,17.86 ,0.82 ,69.00 ,25.50 ,1.36 ,193.50 ,0.00 ,563.38 ,329.84 
-0.72 ,-0.78 ,-0.49 ,0.81 ,-0.21 ,-0.60 ,75.98 ,100.79 ,32.07 ,3.65 ,115.95 ,0.91 ,21.02 ,-0.12 ,-0.06 ,0.41 ,11.58 ,0.33 ,70.00 ,26.08 ,1.34 ,211.50 ,0.00 ,612.03 ,338.74 
-0.77 ,-0.80 ,-0.53 ,0.21 ,-0.23 ,-0.57 ,88.83 ,108.09 ,27.19 ,4.44 ,117.68 ,0.88 ,20.86 ,-0.10 ,-0.08 ,0.60 ,8.66 ,0.82 ,64.20 ,28.22 ,1.12 ,171.00 ,0.00 ,635.31 ,328.86 
-0.62 ,-0.73 ,-0.52 ,0.36 ,-0.01 ,-0.49 ,77.42 ,112.83 ,30.26 ,3.04 ,108.18 ,0.88 ,29.28 ,-0.01 ,-0.06 ,0.11 ,23.83 ,0.70 ,75.20 ,26.96 ,1.98 ,189.00 ,1.26 ,403.90 ,283.69 
-0.15 ,-0.41 ,-0.23 ,1.11 ,0.10 ,-0.35 ,43.04 ,65.32 ,24.49 ,2.66 ,92.54 ,0.69 ,36.41 ,-0.08 ,-0.01 ,0.10 ,44.95 ,-0.63 ,83.60 ,24.98 ,1.28 ,193.50 ,2.32 ,410.18 ,268.42 
-0.43 ,-0.54 ,-0.46 ,0.91 ,0.04 ,-0.51 ,80.01 ,104.60 ,31.16 ,3.38 ,103.66 ,0.94 ,45.73 ,-0.05 ,-0.04 ,-0.01 ,15.13 ,0.87 ,77.60 ,26.62 ,1.60 ,225.00 ,0.44 ,422.14 ,268.31 
-0.48 ,-0.57 ,-0.49 ,-0.32 ,0.29 ,-0.58 ,35.75 ,45.27 ,23.29 ,3.45 ,84.93 ,0.82 ,18.41 ,-0.01 ,-0.03 ,0.38 ,51.15 ,1.77 ,82.00 ,24.28 ,1.70 ,184.50 ,0.82 ,383.71 ,282.54 
0.39 ,-0.14 ,-0.34 ,0.77 ,0.24 ,-0.49 ,25.16 ,42.65 ,23.01 ,3.36 ,87.12 ,0.72 ,34.99 ,0.02 ,-0.06 ,0.77 ,2.95 ,50.35 ,75.00 ,24.58 ,1.44 ,130.50 ,0.01 ,521.55 ,224.00 
-0.16 ,-0.34 ,-0.56 ,0.96 ,0.98 ,-0.60 ,58.92 ,78.79 ,37.89 ,4.18 ,56.91 ,1.11 ,49.69 ,0.01 ,-0.06 ,1.12 ,6.19 ,173.10 ,79.80 ,24.62 ,1.24 ,162.00 ,0.00 ,406.97 ,183.51 
-0.72 ,-0.77 ,-0.62 ,0.28 ,0.26 ,-0.67 ,60.76 ,77.07 ,26.02 ,2.60 ,74.56 ,1.08 ,16.74 ,-0.12 ,-0.02 ,0.35 ,74.97 ,0.16 ,83.00 ,25.26 ,1.30 ,256.50 ,1.32 ,570.42 ,286.59 
-0.79 ,-0.73 ,-0.51 ,-0.01 ,0.70 ,-0.65 ,57.84 ,47.36 ,28.49 ,4.05 ,43.35 ,1.00 ,12.03 ,-0.12 ,-0.07 ,0.56 ,49.34 ,9.34 ,78.20 ,23.44 ,1.16 ,247.50 ,0.06 ,242.16 ,146.56 
-0.29 ,-0.73 ,-0.50 ,0.23 ,-0.11 ,-0.40 ,18.20 ,50.02 ,28.68 ,4.93 ,96.05 ,0.52 ,12.84 ,-0.07 ,-0.05 ,0.20 ,19.97 ,0.04 ,64.40 ,24.26 ,2.00 ,261.00 ,0.00 ,440.85 ,331.48 
-0.57 ,-0.73 ,-0.57 ,0.85 ,0.20 ,-0.61 ,58.99 ,97.41 ,33.24 ,4.52 ,89.34 ,0.96 ,25.40 ,-0.10 ,-0.05 ,0.52 ,47.62 ,4.16 ,72.80 ,25.26 ,1.46 ,220.50 ,0.09 ,524.29 ,326.20 
-0.49 ,-0.68 ,-0.43 ,1.13 ,0.10 ,-0.55 ,53.59 ,89.62 ,24.74 ,3.40 ,95.21 ,0.82 ,27.33 ,-0.05 ,-0.04 ,0.53 ,53.66 ,1.27 ,74.60 ,23.96 ,1.16 ,130.50 ,0.60 ,483.81 ,316.20 
-0.73 ,-0.76 ,-0.51 ,0.40 ,0.13 ,-0.62 ,84.72 ,103.05 ,29.13 ,4.55 ,96.97 ,0.97 ,23.27 ,-0.04 ,-0.08 ,0.24 ,54.85 ,1.07 ,80.20 ,24.42 ,1.40 ,94.50 ,0.87 ,432.02 ,292.03 
-0.48 ,-0.69 ,-0.64 ,0.08 ,0.14 ,-0.47 ,36.34 ,64.50 ,28.31 ,4.41 ,94.41 ,0.66 ,18.86 ,-0.16 ,-0.02 ,0.10 ,2.32 ,-0.58 ,77.80 ,23.46 ,1.42 ,202.50 ,0.36 ,512.67 ,307.82 
-0.71 ,-0.82 ,-0.65 ,0.34 ,-0.15 ,-0.55 ,59.05 ,100.99 ,30.13 ,4.19 ,111.90 ,0.80 ,16.95 ,-0.26 ,-0.05 ,0.45 ,4.57 ,0.15 ,72.80 ,25.94 ,1.22 ,229.50 ,0.00 ,623.05 ,325.15 
-0.73 ,-0.84 ,-0.57 ,0.68 ,-0.19 ,-0.51 ,51.88 ,95.28 ,30.79 ,3.29 ,105.46 ,0.70 ,14.08 ,-0.19 ,-0.08 ,0.39 ,71.78 ,0.06 ,62.20 ,27.34 ,1.40 ,85.50 ,0.00 ,731.79 ,327.05 
-0.76 ,-0.82 ,-0.34 ,0.58 ,-0.26 ,-0.70 ,90.47 ,129.53 ,29.16 ,5.51 ,128.25 ,1.32 ,22.11 ,-0.09 ,-0.10 ,0.36 ,34.60 ,0.47 ,64.20 ,27.44 ,1.28 ,153.00 ,0.00 ,610.84 ,322.59 
-0.78 ,-0.86 ,-0.44 ,-0.02 ,-0.29 ,-0.63 ,77.82 ,128.41 ,30.14 ,6.25 ,136.75 ,1.05 ,16.88 ,-0.17 ,-0.06 ,0.52 ,15.74 ,0.12 ,66.40 ,27.34 ,1.62 ,198.00 ,0.00 ,565.19 ,321.64 
-0.76 ,-0.82 ,-0.53 ,0.17 ,-0.24 ,-0.64 ,111.57 ,158.56 ,32.81 ,7.75 ,145.99 ,1.19 ,26.44 ,-0.19 ,-0.07 ,0.63 ,23.87 ,0.04 ,64.80 ,27.98 ,1.42 ,207.00 ,0.00 ,567.97 ,312.28 
-0.75 ,-0.84 ,-0.49 ,0.13 ,-0.14 ,-0.61 ,56.62 ,97.02 ,29.42 ,5.17 ,92.20 ,0.81 ,14.35 ,-0.21 ,-0.05 ,0.45 ,39.77 ,0.02 ,59.40 ,26.40 ,1.70 ,225.00 ,0.00 ,736.46 ,300.47 
-0.64 ,-0.84 ,-0.56 ,0.08 ,-0.18 ,-0.53 ,26.61 ,63.20 ,32.72 ,4.80 ,85.37 ,0.63 ,9.51 ,-0.17 ,-0.05 ,0.26 ,65.53 ,0.00 ,52.80 ,25.48 ,1.70 ,180.00 ,0.00 ,696.08 ,323.26 
-0.62 ,-0.83 ,-0.62 ,-0.14 ,-0.36 ,-0.51 ,37.66 ,89.44 ,34.93 ,7.20 ,140.97 ,0.75 ,14.23 ,-0.25 ,-0.05 ,0.94 ,11.72 ,0.03 ,57.40 ,26.22 ,1.26 ,193.50 ,0.00 ,732.78 ,316.87 
-0.68 ,-0.85 ,-0.63 ,-0.05 ,-0.05 ,-0.57 ,76.81 ,173.74 ,34.37 ,8.17 ,124.17 ,1.01 ,24.56 ,-0.09 ,-0.08 ,0.67 ,57.48 ,374.71 ,61.80 ,26.40 ,1.34 ,234.00 ,0.00 ,569.02 ,292.73 
-0.25 ,-0.57 ,-0.50 ,0.85 ,0.28 ,-0.41 ,52.98 ,96.52 ,31.45 ,4.87 ,98.86 ,0.84 ,39.67 ,0.06 ,-0.07 ,0.63 ,38.92 ,17.47 ,66.40 ,24.80 ,1.48 ,121.50 ,0.03 ,456.21 ,288.14 
-0.21 ,-0.43 ,-0.54 ,1.24 ,0.31 ,-0.43 ,48.27 ,70.78 ,32.28 ,3.84 ,86.89 ,0.81 ,38.28 ,0.11 ,-0.09 ,0.22 ,7.40 ,4.29 ,70.60 ,23.40 ,1.88 ,144.00 ,0.39 ,348.37 ,253.06 
-0.45 ,-0.64 ,-0.36 ,0.77 ,-0.13 ,-0.52 ,42.67 ,69.66 ,25.05 ,4.46 ,97.92 ,0.74 ,23.36 ,-0.13 ,-0.07 ,0.30 ,23.98 ,0.17 ,64.60 ,23.92 ,1.80 ,220.50 ,0.00 ,760.73 ,295.62 
-0.61 ,-0.83 ,-0.35 ,-0.09 ,-0.30 ,-0.43 ,16.03 ,40.66 ,20.89 ,3.96 ,97.92 ,0.47 ,6.20 ,-0.01 ,-0.08 ,0.73 ,56.88 ,0.32 ,51.20 ,24.78 ,1.40 ,202.50 ,0.00 ,688.70 ,289.21 
-0.47 ,-0.77 ,-0.28 ,-0.25 ,-0.14 ,-0.45 ,17.65 ,44.25 ,19.72 ,5.44 ,73.60 ,0.63 ,9.29 ,0.04 ,-0.08 ,0.28 ,27.35 ,1.00 ,60.20 ,24.46 ,1.72 ,130.50 ,0.00 ,562.59 ,243.80 
-0.35 ,-0.60 ,-0.44 ,-0.36 ,0.10 ,-0.63 ,25.02 ,43.62 ,20.33 ,6.97 ,66.38 ,0.97 ,16.33 ,0.01 ,-0.06 ,0.55 ,2.16 ,0.71 ,74.60 ,22.08 ,1.42 ,103.50 ,0.69 ,398.10 ,192.41 
-0.37 ,-0.69 ,-0.38 ,-0.07 ,0.15 ,-0.43 ,13.98 ,30.85 ,19.00 ,3.71 ,63.03 ,0.55 ,8.85 ,-0.01 ,-0.08 ,0.76 ,42.93 ,0.43 ,71.40 ,22.58 ,1.34 ,76.50 ,0.00 ,543.91 ,227.66 
-0.44 ,-0.70 ,-0.34 ,-0.07 ,0.07 ,-0.38 ,14.92 ,30.31 ,20.18 ,3.52 ,59.53 ,0.52 ,8.30 ,0.03 ,-0.10 ,0.63 ,13.66 ,53.36 ,67.40 ,23.46 ,1.28 ,117.00 ,0.02 ,512.81 ,204.88 
-0.39 ,-0.70 ,-0.18 ,0.10 ,0.00 ,-0.29 ,13.86 ,30.50 ,19.73 ,3.59 ,66.23 ,0.52 ,8.41 ,0.03 ,-0.09 ,0.25 ,3.98 ,170.64 ,66.20 ,23.84 ,1.38 ,117.00 ,0.01 ,546.62 ,250.18 
-0.27 ,-0.65 ,-0.16 ,0.30 ,0.22 ,-0.36 ,14.61 ,32.46 ,20.54 ,3.75 ,60.13 ,0.58 ,10.61 ,0.04 ,-0.09 ,0.27 ,108.89 ,63.22 ,64.40 ,23.74 ,1.26 ,130.50 ,0.01 ,550.50 ,268.52 
-0.30 ,-0.66 ,-0.13 ,0.22 ,0.00 ,-0.26 ,18.06 ,39.52 ,20.53 ,3.77 ,72.53 ,0.53 ,12.62 ,0.00 ,-0.09 ,0.25 ,10.03 ,6.19 ,62.80 ,23.96 ,1.54 ,211.50 ,0.12 ,489.69 ,260.83 
-0.32 ,-0.60 ,-0.10 ,0.95 ,-0.19 ,-0.30 ,25.33 ,45.29 ,18.20 ,2.97 ,106.44 ,0.60 ,17.12 ,0.03 ,-0.08 ,0.16 ,50.79 ,5.99 ,65.20 ,23.38 ,1.78 ,108.00 ,0.16 ,494.96 ,237.47 
-0.21 ,-0.41 ,-0.43 ,0.42 ,0.52 ,-0.59 ,24.45 ,35.30 ,21.48 ,3.79 ,61.62 ,0.94 ,19.32 ,0.00 ,-0.07 ,0.16 ,16.73 ,0.84 ,79.20 ,21.10 ,1.68 ,126.00 ,0.95 ,357.84 ,189.96 
-0.28 ,-0.35 ,-0.52 ,0.40 ,0.88 ,-0.48 ,23.47 ,27.68 ,21.21 ,2.43 ,50.69 ,0.71 ,16.83 ,-0.08 ,-0.07 ,0.66 ,63.85 ,-0.18 ,87.60 ,19.78 ,1.06 ,135.00 ,1.12 ,327.53 ,131.47 
-0.25 ,-0.45 ,-0.17 ,-0.12 ,0.55 ,-0.46 ,10.43 ,15.37 ,14.57 ,2.35 ,44.74 ,0.50 ,7.78 ,-0.11 ,-0.06 ,1.06 ,17.72 ,-0.20 ,90.20 ,19.14 ,1.20 ,94.50 ,0.80 ,399.96 ,109.62 
-0.30 ,-0.59 ,-0.04 ,0.27 ,0.25 ,-0.36 ,9.08 ,16.72 ,15.04 ,2.44 ,52.20 ,0.43 ,6.39 ,-0.14 ,-0.07 ,0.84 ,9.62 ,0.08 ,71.00 ,22.62 ,1.28 ,144.00 ,0.00 ,657.21 ,266.31 
-0.01 ,-0.45 ,0.18 ,1.40 ,0.14 ,-0.30 ,14.80 ,28.67 ,15.29 ,2.43 ,68.07 ,0.50 ,14.63 ,-0.14 ,-0.06 ,0.70 ,21.51 ,0.05 ,66.80 ,23.66 ,1.38 ,126.00 ,0.00 ,656.84 ,275.33 
-0.28 ,-0.52 ,-0.02 ,1.55 ,0.70 ,-0.65 ,39.21 ,63.01 ,19.50 ,2.81 ,59.53 ,1.28 ,28.24 ,0.02 ,-0.09 ,0.95 ,19.62 ,-0.05 ,85.60 ,20.64 ,1.30 ,112.50 ,2.41 ,269.93 ,61.69 
-0.12 ,-0.12 ,-0.21 ,0.45 ,0.33 ,-0.47 ,16.09 ,17.48 ,17.65 ,2.32 ,69.14 ,0.67 ,14.19 ,-0.05 ,-0.05 ,0.56 ,13.28 ,-0.59 ,92.00 ,17.38 ,1.68 ,103.50 ,2.44 ,294.13 ,25.88 
-0.09 ,-0.47 ,-0.48 ,0.45 ,0.30 ,-0.40 ,16.30 ,29.96 ,22.49 ,2.51 ,62.82 ,0.52 ,14.80 ,-0.09 ,-0.07 ,0.48 ,59.77 ,0.83 ,71.60 ,20.48 ,1.18 ,153.00 ,0.03 ,584.56 ,229.21 
-0.14 ,-0.53 ,-0.43 ,0.96 ,0.40 ,-0.36 ,24.50 ,47.53 ,30.35 ,3.10 ,65.09 ,0.66 ,20.99 ,-0.12 ,-0.04 ,0.78 ,25.79 ,0.00 ,72.20 ,20.70 ,1.16 ,202.50 ,0.00 ,542.43 ,268.77 
-0.20 ,-0.49 ,-0.44 ,0.69 ,0.42 ,-0.36 ,46.19 ,77.87 ,42.79 ,6.96 ,76.17 ,0.84 ,36.96 ,-0.14 ,-0.07 ,0.43 ,7.57 ,0.04 ,70.60 ,21.00 ,1.38 ,175.50 ,0.00 ,469.59 ,224.75 
0.03 ,-0.36 ,-0.47 ,1.08 ,1.19 ,-0.42 ,34.06 ,58.02 ,34.25 ,4.70 ,46.62 ,0.75 ,34.94 ,-0.12 ,-0.08 ,0.71 ,17.33 ,-0.83 ,77.40 ,19.62 ,1.40 ,103.50 ,0.17 ,501.54 ,166.11 
0.19 ,-0.37 ,-0.23 ,0.17 ,1.36 ,-0.25 ,8.36 ,17.03 ,24.64 ,3.07 ,23.87 ,0.40 ,9.98 ,-0.01 ,-0.06 ,0.82 ,142.35 ,0.16 ,81.40 ,15.70 ,1.32 ,45.00 ,0.86 ,291.25 ,37.68 
-0.51 ,-0.71 ,-0.52 ,-0.26 ,0.90 ,-0.36 ,8.35 ,15.40 ,21.93 ,2.52 ,40.43 ,0.34 ,4.11 ,-0.13 ,-0.02 ,0.16 ,40.11 ,0.25 ,78.00 ,15.46 ,1.82 ,247.50 ,0.34 ,748.93 ,197.48 
-0.65 ,-0.86 ,-0.62 ,-0.27 ,0.60 ,-0.43 ,7.68 ,20.59 ,22.65 ,2.73 ,45.87 ,0.31 ,2.69 ,-0.18 ,-0.07 ,0.51 ,74.81 ,-0.99 ,49.80 ,17.58 ,2.74 ,252.00 ,0.00 ,1037.66 ,273.23 
-0.63 ,-0.85 ,-0.63 ,-0.05 ,0.32 ,-0.44 ,19.27 ,50.68 ,37.18 ,4.66 ,54.29 ,0.53 ,7.19 ,-0.30 ,-0.05 ,0.70 ,7.28 ,0.00 ,58.60 ,19.02 ,1.48 ,252.00 ,0.00 ,502.52 ,268.88 
-0.39 ,-0.62 ,-0.61 ,0.18 ,0.62 ,-0.38 ,55.31 ,94.87 ,45.28 ,9.99 ,62.08 ,0.76 ,33.90 ,-0.20 ,-0.08 ,0.65 ,13.71 ,0.00 ,67.40 ,18.88 ,1.56 ,144.00 ,0.00 ,468.91 ,254.37 
-0.34 ,-0.46 ,-0.58 ,0.36 ,0.36 ,-0.46 ,98.82 ,126.30 ,49.73 ,13.90 ,94.92 ,1.06 ,65.01 ,-0.12 ,-0.07 ,0.82 ,8.24 ,0.00 ,70.80 ,18.38 ,1.20 ,162.00 ,0.00 ,533.06 ,260.54 
-0.44 ,-0.51 ,-0.59 ,0.69 ,0.53 ,-0.43 ,114.12 ,136.20 ,49.67 ,9.16 ,89.41 ,1.10 ,63.41 ,-0.13 ,-0.05 ,0.49 ,19.21 ,0.00 ,75.40 ,18.80 ,1.30 ,193.50 ,0.00 ,480.72 ,254.95 
-0.54 ,-0.57 ,-0.56 ,0.59 ,0.36 ,-0.45 ,129.02 ,147.30 ,51.97 ,9.42 ,88.26 ,1.15 ,59.74 ,-0.11 ,-0.06 ,0.49 ,14.20 ,0.15 ,77.20 ,20.14 ,1.20 ,193.50 ,0.00 ,385.56 ,184.46 
-0.54 ,-0.56 ,-0.51 ,0.81 ,0.41 ,-0.42 ,73.41 ,82.07 ,40.59 ,4.65 ,65.86 ,0.81 ,34.08 ,-0.16 ,-0.07 ,0.38 ,36.39 ,-0.83 ,69.80 ,21.28 ,1.50 ,238.50 ,0.68 ,648.77 ,249.13 
-0.56 ,-0.77 ,-0.65 ,-0.18 ,2.12 ,-0.55 ,25.31 ,51.26 ,43.74 ,5.83 ,24.47 ,0.69 ,11.08 ,-0.13 ,-0.07 ,0.93 ,108.89 ,0.02 ,58.20 ,19.66 ,1.20 ,67.50 ,0.00 ,675.28 ,251.86 
-0.54 ,-0.63 ,-0.62 ,0.12 ,0.12 ,-0.43 ,76.30 ,101.01 ,42.51 ,9.61 ,101.11 ,0.89 ,35.32 ,-0.11 ,-0.07 ,0.93 ,14.64 ,0.08 ,71.00 ,19.70 ,1.26 ,189.00 ,0.00 ,514.03 ,244.14 
-0.46 ,-0.58 ,-0.65 ,-0.07 ,0.53 ,-0.46 ,89.33 ,122.44 ,54.30 ,16.52 ,81.12 ,1.10 ,47.83 ,-0.10 ,-0.07 ,1.19 ,32.65 ,0.07 ,68.00 ,20.40 ,1.28 ,130.50 ,0.00 ,478.64 ,222.24 
-0.60 ,-0.64 ,-0.49 ,0.39 ,0.76 ,-0.51 ,123.26 ,143.90 ,47.48 ,9.96 ,59.09 ,1.27 ,48.69 ,-0.06 ,-0.09 ,0.63 ,56.95 ,0.94 ,80.20 ,19.28 ,1.60 ,256.50 ,0.41 ,308.37 ,114.38 
-0.35 ,-0.61 ,-0.46 ,1.03 ,0.84 ,-0.35 ,33.53 ,59.25 ,37.10 ,3.22 ,49.33 ,0.67 ,21.66 ,-0.16 ,-0.06 ,0.90 ,10.11 ,9.96 ,77.80 ,18.74 ,1.08 ,171.00 ,0.01 ,498.73 ,231.79 
-0.58 ,-0.64 ,-0.53 ,0.95 ,0.81 ,-0.55 ,92.50 ,113.06 ,44.09 ,5.80 ,56.49 ,1.09 ,38.90 ,-0.10 ,-0.06 ,0.36 ,41.02 ,0.13 ,80.00 ,18.72 ,1.54 ,198.00 ,0.82 ,417.87 ,219.54 
-0.49 ,-0.70 ,-0.47 ,0.22 ,0.78 ,-0.39 ,19.53 ,35.88 ,30.89 ,3.29 ,42.14 ,0.51 ,9.97 ,-0.29 ,-0.07 ,0.33 ,19.30 ,-0.69 ,64.60 ,17.18 ,1.74 ,274.50 ,0.36 ,675.67 ,246.77 
-0.46 ,-0.73 ,-0.57 ,0.34 ,0.70 ,-0.36 ,32.00 ,69.18 ,41.82 ,6.92 ,56.57 ,0.61 ,17.17 ,-0.37 ,-0.04 ,1.04 ,20.44 ,0.00 ,61.20 ,16.50 ,1.26 ,207.00 ,0.00 ,543.44 ,240.58 
-0.42 ,-0.65 ,-0.68 ,0.49 ,0.75 ,-0.34 ,49.67 ,87.53 ,48.91 ,7.09 ,55.64 ,0.69 ,28.92 ,-0.31 ,-0.06 ,0.70 ,83.12 ,0.03 ,63.20 ,18.88 ,1.24 ,94.50 ,0.00 ,506.12 ,229.80 
-0.03 ,-0.12 ,-0.36 ,0.88 ,1.24 ,-0.54 ,43.70 ,51.46 ,37.67 ,4.97 ,37.04 ,1.16 ,42.34 ,-0.15 ,-0.05 ,0.45 ,47.80 ,-0.37 ,84.60 ,16.34 ,1.16 ,135.00 ,0.43 ,321.08 ,100.29 
-0.29 ,-0.39 ,-0.37 ,0.36 ,4.71 ,-0.62 ,39.42 ,48.81 ,36.26 ,4.40 ,12.48 ,1.07 ,27.83 ,-0.05 ,-0.08 ,0.95 ,35.80 ,0.23 ,88.80 ,13.86 ,1.26 ,72.00 ,0.66 ,315.81 ,58.20 
-0.22 ,-0.28 ,-0.51 ,0.55 ,3.27 ,-0.48 ,29.11 ,33.93 ,34.44 ,3.89 ,20.25 ,0.74 ,22.72 ,-0.02 ,0.00 ,0.93 ,1.16 ,-0.34 ,88.00 ,14.18 ,1.16 ,193.50 ,0.93 ,361.90 ,108.05 
-0.75 ,-0.87 ,-0.49 ,-0.16 ,0.66 ,-0.42 ,14.39 ,29.79 ,22.16 ,3.21 ,42.63 ,0.39 ,3.54 ,-0.06 ,-0.08 ,0.61 ,78.26 ,-0.87 ,51.80 ,14.86 ,3.54 ,247.50 ,0.31 ,987.95 ,231.59 
-0.66 ,-0.86 ,-0.52 ,0.22 ,0.68 ,-0.55 ,27.66 ,72.40 ,39.41 ,6.05 ,37.82 ,0.63 ,9.44 ,-0.33 ,-0.06 ,0.85 ,33.82 ,0.00 ,55.60 ,16.06 ,1.84 ,238.50 ,0.00 ,658.02 ,227.06 
-0.40 ,-0.78 ,-0.55 ,0.28 ,0.54 ,-0.50 ,23.28 ,68.45 ,41.52 ,6.08 ,44.29 ,0.65 ,13.88 ,-0.22 ,-0.10 ,0.64 ,53.59 ,0.00 ,56.60 ,16.60 ,1.60 ,256.50 ,0.00 ,574.64 ,222.08 
-0.47 ,-0.64 ,-0.72 ,0.23 ,0.98 ,-0.60 ,87.42 ,135.43 ,62.18 ,12.15 ,48.28 ,1.19 ,46.23 ,-0.27 ,-0.06 ,0.98 ,5.80 ,0.00 ,72.80 ,16.12 ,1.12 ,162.00 ,0.00 ,446.82 ,219.23 
-0.72 ,-0.76 ,-0.70 ,0.32 ,0.18 ,-0.70 ,198.94 ,243.47 ,63.05 ,11.52 ,83.30 ,1.60 ,55.88 ,-0.29 ,-0.07 ,0.90 ,7.87 ,0.00 ,76.40 ,16.70 ,1.14 ,216.00 ,0.00 ,409.86 ,218.72 
-0.74 ,-0.77 ,-0.61 ,0.93 ,0.06 ,-0.70 ,225.72 ,266.44 ,64.15 ,8.56 ,89.53 ,1.70 ,58.40 ,-0.29 ,-0.05 ,1.13 ,16.05 ,0.00 ,77.60 ,17.32 ,1.06 ,171.00 ,0.00 ,322.59 ,203.02 
-0.66 ,-0.59 ,-0.59 ,1.02 ,0.56 ,-0.64 ,211.96 ,184.15 ,55.92 ,8.33 ,64.81 ,1.49 ,73.05 ,-0.25 ,-0.07 ,0.81 ,102.48 ,0.10 ,74.40 ,18.62 ,1.48 ,193.50 ,0.00 ,519.28 ,200.03 
-0.70 ,-0.90 ,-0.42 ,-0.19 ,1.14 ,-0.39 ,9.72 ,32.18 ,18.52 ,2.98 ,37.57 ,0.29 ,2.94 ,-0.23 ,-0.11 ,0.45 ,74.85 ,0.00 ,28.80 ,13.88 ,3.16 ,234.00 ,0.00 ,1049.24 ,221.35 
-0.69 ,-0.88 ,-0.39 ,-0.02 ,1.01 ,-0.42 ,14.98 ,41.62 ,22.93 ,4.00 ,35.55 ,0.36 ,4.65 ,-0.29 ,-0.10 ,0.14 ,68.41 ,0.00 ,37.40 ,12.14 ,3.92 ,243.00 ,0.00 ,1186.41 ,209.05 
-0.71 ,-0.91 ,-0.55 ,-0.47 ,0.85 ,-0.52 ,6.64 ,21.85 ,13.04 ,2.88 ,40.57 ,0.30 ,1.90 ,-0.14 ,-0.05 ,0.56 ,24.58 ,0.00 ,37.20 ,9.98 ,3.72 ,301.50 ,0.00 ,1430.03 ,204.44 
-0.70 ,-0.88 ,-0.60 ,-0.36 ,0.34 ,-0.50 ,10.18 ,27.27 ,19.15 ,3.40 ,54.47 ,0.37 ,3.10 ,-0.22 ,-0.06 ,0.67 ,154.18 ,0.00 ,41.00 ,13.90 ,3.02 ,171.00 ,0.00 ,990.97 ,202.87 
-0.72 ,-0.89 ,-0.64 ,-0.19 ,0.64 ,-0.50 ,17.27 ,47.05 ,40.27 ,4.93 ,36.85 ,0.52 ,4.79 ,-0.34 ,-0.03 ,0.88 ,12.52 ,0.00 ,46.80 ,13.84 ,1.58 ,270.00 ,0.00 ,515.51 ,204.44 
-0.67 ,-0.84 ,-0.59 ,-0.16 ,0.53 ,-0.51 ,30.87 ,67.22 ,50.87 ,8.40 ,40.74 ,0.68 ,10.09 ,-0.40 ,-0.02 ,1.17 ,52.66 ,0.00 ,53.40 ,14.32 ,1.10 ,193.50 ,0.00 ,376.49 ,199.80 
-0.44 ,-0.62 ,-0.62 ,0.07 ,1.62 ,-0.70 ,94.46 ,144.80 ,80.82 ,17.44 ,28.42 ,1.78 ,52.71 ,-0.31 ,-0.03 ,0.33 ,33.73 ,0.01 ,65.00 ,14.36 ,1.40 ,126.00 ,0.00 ,335.44 ,153.85 
-0.53 ,-0.63 ,-0.69 ,0.18 ,0.46 ,-0.69 ,111.05 ,147.23 ,79.92 ,12.37 ,57.40 ,1.55 ,52.12 ,-0.32 ,-0.07 ,1.02 ,35.91 ,0.00 ,68.40 ,15.02 ,1.14 ,202.50 ,0.00 ,376.70 ,196.84 
-0.65 ,-0.65 ,-0.71 ,0.14 ,0.20 ,-0.71 ,187.83 ,202.29 ,90.71 ,16.00 ,75.58 ,1.89 ,66.49 ,-0.31 ,-0.06 ,1.21 ,8.15 ,0.00 ,72.60 ,15.06 ,1.04 ,184.50 ,0.00 ,314.53 ,194.45 
-0.61 ,-0.56 ,-0.76 ,0.19 ,0.49 ,-0.73 ,264.92 ,250.31 ,94.19 ,20.69 ,64.54 ,2.26 ,103.82 ,-0.26 ,-0.02 ,0.95 ,18.73 ,0.00 ,76.80 ,14.82 ,1.06 ,225.00 ,0.00 ,267.23 ,163.20 
-0.62 ,-0.71 ,-0.68 ,-0.20 ,0.92 ,-0.68 ,55.27 ,77.07 ,41.60 ,8.73 ,33.71 ,0.88 ,21.01 ,0.00 ,-0.11 ,0.57 ,72.52 ,0.00 ,50.80 ,14.28 ,2.18 ,72.00 ,0.00 ,538.41 ,181.12 
0.37 ,-0.25 ,-0.66 ,0.39 ,2.70 ,-0.43 ,52.13 ,101.42 ,57.97 ,9.32 ,23.56 ,0.92 ,71.57 ,0.00 ,0.00 ,0.42 ,12.83 ,0.00 ,69.00 ,12.08 ,1.30 ,202.50 ,0.00 ,361.93 ,180.74 
0.38 ,-0.03 ,-0.60 ,0.48 ,7.41 ,-0.55 ,73.37 ,109.11 ,59.33 ,9.91 ,9.88 ,1.38 ,101.09 ,0.07 ,-0.05 ,0.41 ,41.57 ,0.08 ,73.80 ,11.42 ,2.12 ,72.00 ,0.00 ,344.33 ,61.69 
-0.36 ,-0.51 ,-0.55 ,-0.19 ,4.76 ,-0.56 ,47.82 ,65.02 ,39.30 ,6.41 ,12.98 ,1.04 ,30.38 ,0.00 ,-0.02 ,0.98 ,5.13 ,2.33 ,87.20 ,9.32 ,1.24 ,76.50 ,0.11 ,337.16 ,24.56 
-0.36 ,-0.51 ,-0.57 ,-0.02 ,4.92 ,-0.49 ,29.48 ,40.17 ,39.63 ,4.03 ,12.66 ,0.78 ,18.79 ,0.03 ,-0.03 ,0.38 ,18.11 ,-0.09 ,85.80 ,8.60 ,1.02 ,94.50 ,0.58 ,319.75 ,31.47 
-0.37 ,-0.48 ,-0.60 ,0.29 ,3.55 ,-0.48 ,48.75 ,60.88 ,48.20 ,4.62 ,17.67 ,0.95 ,30.86 ,-0.09 ,-0.07 ,0.43 ,0.29 ,0.04 ,79.40 ,11.70 ,1.40 ,256.50 ,0.00 ,401.01 ,169.97 
-0.51 ,-0.65 ,-0.53 ,0.18 ,1.62 ,-0.61 ,54.12 ,77.27 ,48.08 ,7.17 ,22.42 ,1.09 ,26.28 ,-0.24 ,-0.09 ,0.75 ,37.69 ,0.00 ,72.00 ,11.70 ,1.56 ,94.50 ,0.00 ,365.10 ,148.42 
-0.11 ,-0.51 ,-0.54 ,0.01 ,4.15 ,-0.54 ,36.46 ,70.08 ,57.66 ,12.25 ,11.59 ,0.99 ,32.51 ,-0.11 ,-0.06 ,1.35 ,6.73 ,1.52 ,61.60 ,9.80 ,1.14 ,166.50 ,0.05 ,435.22 ,138.58 
-0.41 ,-0.74 ,-0.57 ,0.14 ,1.36 ,-0.51 ,30.82 ,73.41 ,32.87 ,3.73 ,31.30 ,0.66 ,18.07 ,-0.13 ,-0.08 ,0.41 ,30.41 ,-0.71 ,70.40 ,9.08 ,2.46 ,306.00 ,0.37 ,685.90 ,111.18 
-0.64 ,-0.88 ,-0.54 ,-0.02 ,1.01 ,-0.54 ,16.66 ,54.38 ,36.66 ,5.12 ,31.90 ,0.55 ,5.99 ,-0.33 ,-0.09 ,0.50 ,1.05 ,0.00 ,43.40 ,8.30 ,2.24 ,288.00 ,0.00 ,890.21 ,171.31 
-0.52 ,-0.82 ,-0.47 ,-0.08 ,0.69 ,-0.42 ,9.99 ,28.39 ,27.45 ,4.19 ,38.62 ,0.40 ,4.82 ,-0.24 ,-0.14 ,0.34 ,34.29 ,0.00 ,40.40 ,7.34 ,2.26 ,297.00 ,0.00 ,803.90 ,170.13 
-0.53 ,-0.83 ,-0.40 ,-0.20 ,0.54 ,-0.39 ,8.43 ,25.52 ,22.09 ,3.91 ,44.94 ,0.35 ,3.94 ,-0.15 ,-0.15 ,0.26 ,21.54 ,0.00 ,34.60 ,5.80 ,2.92 ,288.00 ,0.00 ,895.67 ,172.92 
-0.71 ,-0.86 ,-0.62 ,-0.28 ,1.38 ,-0.60 ,21.08 ,47.95 ,41.20 ,5.91 ,25.66 ,0.63 ,6.15 ,-0.29 ,0.02 ,0.67 ,73.59 ,0.00 ,50.20 ,4.96 ,1.48 ,220.50 ,0.00 ,646.34 ,169.51 
-0.77 ,-0.86 ,-0.67 ,-0.38 ,1.79 ,-0.65 ,43.81 ,77.71 ,56.94 ,9.90 ,20.04 ,0.95 ,10.00 ,-0.30 ,0.01 ,0.69 ,15.53 ,0.00 ,54.80 ,5.86 ,1.24 ,211.50 ,0.00 ,384.84 ,167.85 
-0.82 ,-0.87 ,-0.74 ,-0.46 ,1.57 ,-0.68 ,81.50 ,119.16 ,72.13 ,15.90 ,24.66 ,1.24 ,14.30 ,-0.37 ,0.01 ,0.99 ,60.23 ,0.00 ,57.00 ,6.84 ,1.34 ,220.50 ,0.00 ,376.13 ,165.12 
-0.67 ,-0.77 ,-0.67 ,0.32 ,2.15 ,-0.64 ,84.65 ,129.28 ,74.36 ,14.64 ,21.13 ,1.43 ,27.99 ,-0.29 ,-0.05 ,1.01 ,3.81 ,0.00 ,57.40 ,8.00 ,1.18 ,243.00 ,0.00 ,276.72 ,164.19 
-0.52 ,-0.55 ,-0.60 ,0.28 ,1.34 ,-0.59 ,142.88 ,160.85 ,76.86 ,23.48 ,31.65 ,1.70 ,68.12 ,-0.19 ,-0.06 ,1.47 ,1.46 ,0.00 ,64.80 ,8.64 ,1.18 ,171.00 ,0.00 ,304.10 ,158.93 
-0.35 ,-0.37 ,-0.64 ,0.63 ,2.22 ,-0.52 ,187.91 ,201.35 ,90.61 ,22.81 ,26.04 ,1.80 ,121.73 ,-0.12 ,-0.04 ,0.78 ,5.32 ,0.00 ,74.60 ,8.96 ,0.82 ,184.50 ,0.00 ,271.99 ,120.73 
-0.54 ,-0.70 ,-0.62 ,0.02 ,2.68 ,-0.60 ,111.53 ,178.68 ,51.79 ,10.57 ,17.33 ,1.15 ,51.80 ,-0.04 ,-0.15 ,0.66 ,29.22 ,0.56 ,75.80 ,7.76 ,2.36 ,49.50 ,0.25 ,410.60 ,46.34 
-0.43 ,-0.32 ,-0.67 ,-0.25 ,2.00 ,-0.66 ,20.74 ,18.09 ,27.73 ,4.26 ,27.82 ,0.64 ,11.83 ,0.01 ,-0.31 ,0.99 ,4.28 ,-0.19 ,85.80 ,1.20 ,2.08 ,54.00 ,1.50 ,421.78 ,26.94 
-0.48 ,-0.36 ,-0.69 ,-0.21 ,1.92 ,-0.63 ,23.01 ,19.59 ,29.55 ,3.97 ,29.80 ,0.70 ,11.95 ,0.02 ,-0.08 ,0.71 ,91.95 ,-0.32 ,86.20 ,1.70 ,1.74 ,135.00 ,0.63 ,357.58 ,33.87 
-0.62 ,-0.68 ,-0.74 ,0.17 ,3.01 ,-0.58 ,59.67 ,73.28 ,42.92 ,5.27 ,21.19 ,1.00 ,22.51 ,-0.06 ,0.15 ,0.14 ,0.64 ,1.45 ,83.60 ,2.88 ,1.30 ,175.50 ,0.03 ,461.08 ,92.29 
-0.64 ,-0.66 ,-0.61 ,1.62 ,7.89 ,-0.61 ,117.62 ,130.84 ,52.82 ,5.69 ,8.06 ,1.58 ,42.29 ,-0.16 ,-0.21 ,0.32 ,12.42 ,0.00 ,84.00 ,3.74 ,1.36 ,247.50 ,0.00 ,360.30 ,145.54 
-0.44 ,-0.48 ,-0.51 ,1.87 ,10.96 ,-0.41 ,121.96 ,136.54 ,50.97 ,6.77 ,6.34 ,1.52 ,68.63 ,-0.05 ,-0.34 ,0.56 ,3.74 ,25.55 ,89.60 ,3.82 ,1.00 ,184.50 ,0.00 ,273.96 ,56.74 
-0.41 ,-0.40 ,-0.66 ,0.89 ,17.15 ,-0.49 ,103.49 ,105.09 ,51.41 ,7.64 ,5.41 ,1.89 ,60.86 ,-0.03 ,-0.20 ,0.62 ,31.66 ,0.04 ,87.00 ,4.78 ,0.88 ,144.00 ,0.00 ,364.28 ,85.18 
-0.45 ,-0.47 ,-0.66 ,0.58 ,39.18 ,-0.55 ,143.61 ,155.87 ,60.52 ,11.79 ,2.63 ,2.53 ,79.30 ,-0.04 ,-0.17 ,0.59 ,13.55 ,0.04 ,89.60 ,5.50 ,0.86 ,184.50 ,0.00 ,314.60 ,56.55 
-0.48 ,-0.40 ,-0.65 ,0.40 ,28.51 ,-0.64 ,198.35 ,179.21 ,68.72 ,17.14 ,3.47 ,3.25 ,103.09 ,0.01 ,-0.12 ,1.30 ,10.08 ,22.32 ,85.80 ,5.94 ,0.72 ,126.00 ,0.00 ,293.78 ,58.12 
-0.60 ,-0.49 ,-0.63 ,0.07 ,10.94 ,-0.68 ,241.46 ,199.08 ,76.73 ,21.06 ,7.36 ,3.39 ,96.67 ,-0.05 ,-0.20 ,0.69 ,13.41 ,0.02 ,87.00 ,7.10 ,0.94 ,216.00 ,0.00 ,266.98 ,89.93 
-0.64 ,-0.68 ,-0.69 ,-0.08 ,4.16 ,-0.71 ,195.51 ,229.73 ,66.16 ,17.14 ,15.87 ,3.03 ,69.71 ,-0.05 ,-0.20 ,0.67 ,15.82 ,0.09 ,78.80 ,8.06 ,1.54 ,112.50 ,0.00 ,362.29 ,117.46 
-0.44 ,-0.58 ,-0.51 ,-0.17 ,4.46 ,-0.59 ,55.94 ,80.87 ,49.33 ,16.29 ,9.59 ,1.42 ,31.41 ,-0.05 ,-0.19 ,0.98 ,13.42 ,0.51 ,77.00 ,5.98 ,1.32 ,148.50 ,0.08 ,420.01 ,88.79 
-0.40 ,-0.56 ,-0.35 ,0.34 ,3.96 ,-0.64 ,64.13 ,93.07 ,46.53 ,12.66 ,8.90 ,1.55 ,38.20 ,-0.09 ,-0.20 ,1.07 ,36.37 ,0.01 ,72.00 ,4.16 ,1.30 ,94.50 ,0.00 ,392.24 ,102.50 
-0.39 ,-0.50 ,-0.48 ,0.21 ,6.58 ,-0.56 ,62.91 ,80.05 ,47.02 ,12.44 ,7.35 ,1.14 ,38.24 ,-0.04 ,-0.04 ,0.96 ,15.45 ,0.05 ,74.80 ,3.18 ,1.50 ,148.50 ,0.00 ,471.90 ,80.07 
-0.36 ,-0.48 ,-0.28 ,0.98 ,12.08 ,-0.58 ,73.10 ,94.09 ,45.67 ,7.28 ,3.20 ,1.53 ,46.95 ,-0.06 ,-0.15 ,0.84 ,25.17 ,0.13 ,93.00 ,2.44 ,1.46 ,157.50 ,0.33 ,325.05 ,33.39 
-0.58 ,-0.47 ,-0.21 ,-0.16 ,9.50 ,-0.72 ,63.07 ,52.04 ,42.88 ,10.11 ,3.63 ,2.20 ,26.48 ,-0.01 ,0.97 ,1.02 ,42.51 ,-0.30 ,93.80 ,0.24 ,1.28 ,162.00 ,0.40 ,300.46 ,45.52 
-0.43 ,-0.14 ,-0.17 ,-0.36 ,6.49 ,-0.70 ,42.64 ,29.73 ,40.89 ,10.55 ,4.40 ,2.06 ,24.37 ,-0.02 ,-2.79 ,-1.00 ,14.11 ,-0.44 ,93.20 ,0.18 ,1.31 ,85.50 ,0.42 ,299.72 ,21.58 
-0.64 ,-0.54 ,-0.64 ,-0.67 ,1.40 ,-0.70 ,50.34 ,41.07 ,38.00 ,11.77 ,18.76 ,1.14 ,18.33 ,0.04 ,0.37 ,0.68 ,43.08 ,-0.06 ,83.80 ,-2.42 ,2.06 ,58.50 ,0.72 ,436.49 ,41.77 
-0.58 ,-0.46 ,-0.61 ,-0.67 ,0.46 ,-0.71 ,29.46 ,24.04 ,27.33 ,13.82 ,37.66 ,0.85 ,12.42 ,0.04 ,0.21 ,0.33 ,51.91 ,-0.47 ,67.80 ,-4.80 ,2.30 ,126.00 ,0.08 ,509.23 ,114.17 
-0.53 ,-0.48 ,-0.69 ,-0.56 ,1.18 ,-0.75 ,40.11 ,38.34 ,44.91 ,17.30 ,24.91 ,1.10 ,18.95 ,0.05 ,0.10 ,0.19 ,34.34 ,1.60 ,65.40 ,-7.66 ,1.50 ,121.50 ,0.02 ,435.68 ,64.65 
-0.75 ,-0.56 ,-0.69 ,-0.59 ,0.75 ,-0.81 ,54.91 ,32.60 ,35.70 ,12.80 ,25.72 ,1.18 ,13.63 ,-0.05 ,0.23 ,0.44 ,6.37 ,0.01 ,65.20 ,-8.24 ,2.90 ,319.50 ,0.00 ,574.76 ,122.50 
-0.62 ,-0.71 ,-0.59 ,-0.35 ,0.31 ,-0.65 ,27.07 ,38.31 ,32.03 ,11.10 ,39.15 ,0.73 ,10.20 ,0.17 ,0.19 ,0.07 ,76.93 ,0.00 ,46.80 ,-9.14 ,3.40 ,247.50 ,0.00 ,380.83 ,135.96 
-0.71 ,-0.70 ,-0.67 ,-0.43 ,3.00 ,-0.77 ,182.05 ,178.09 ,83.12 ,37.65 ,11.57 ,2.45 ,52.10 ,0.13 ,0.20 ,0.46 ,47.86 ,0.00 ,69.80 ,-6.22 ,1.16 ,238.50 ,0.00 ,236.43 ,119.52 
-0.67 ,-0.66 ,-0.66 ,-0.56 ,6.02 ,-0.79 ,236.67 ,243.54 ,96.43 ,48.23 ,7.38 ,3.55 ,78.96 ,0.07 ,0.84 ,0.73 ,43.14 ,0.34 ,76.00 ,-2.80 ,1.10 ,175.50 ,0.02 ,212.55 ,112.32 
-0.68 ,-0.73 ,-0.70 ,-0.57 ,3.17 ,-0.80 ,233.10 ,282.54 ,101.43 ,43.74 ,12.24 ,4.20 ,73.91 ,0.05 ,3.20 ,0.68 ,68.60 ,1.96 ,76.20 ,-0.86 ,1.16 ,189.00 ,0.00 ,177.54 ,125.44 
-0.82 ,-0.86 ,-0.78 ,-0.61 ,6.77 ,-0.85 ,293.26 ,411.49 ,114.78 ,36.21 ,8.50 ,5.06 ,53.67 ,0.02 ,0.40 ,0.94 ,76.39 ,0.01 ,83.40 ,-3.08 ,0.96 ,121.50 ,0.00 ,166.45 ,117.80 
-0.82 ,-0.81 ,-0.73 ,-0.56 ,13.60 ,-0.83 ,416.25 ,416.30 ,120.05 ,40.13 ,4.98 ,6.81 ,74.77 ,0.01 ,2.70 ,0.31 ,35.38 ,6.56 ,88.40 ,-0.56 ,1.36 ,220.50 ,0.01 ,236.93 ,66.66 
-0.53 ,-0.76 ,-0.16 ,-0.15 ,0.53 ,-0.48 ,31.53 ,67.12 ,21.91 ,9.80 ,36.55 ,0.72 ,14.69 ,0.29 ,12.60 ,-0.02 ,7.95 ,0.01 ,42.00 ,-0.28 ,4.82 ,283.50 ,0.00 ,678.43 ,123.43 
0.06 ,-0.50 ,-0.18 ,0.08 ,0.32 ,-0.33 ,10.98 ,24.78 ,15.14 ,6.45 ,40.59 ,0.38 ,11.67 ,0.47 ,1.44 ,0.12 ,74.93 ,0.00 ,35.60 ,-2.16 ,5.18 ,238.50 ,0.00 ,645.98 ,125.37 
-0.48 ,-0.67 ,-0.49 ,-0.25 ,0.89 ,-0.56 ,27.78 ,48.73 ,39.02 ,15.95 ,30.80 ,0.84 ,14.55 ,0.25 ,2.28 ,0.32 ,130.07 ,0.00 ,42.60 ,-1.26 ,3.18 ,171.00 ,0.00 ,289.99 ,125.73 
-0.53 ,-0.65 ,-0.57 ,-0.21 ,1.44 ,-0.63 ,48.76 ,71.44 ,56.34 ,23.38 ,20.86 ,1.45 ,23.04 ,0.02 ,2.87 ,0.21 ,67.97 ,0.00 ,55.40 ,-0.70 ,1.88 ,157.50 ,0.00 ,226.70 ,122.27 
-0.48 ,-0.53 ,-0.62 ,-0.14 ,5.46 ,-0.64 ,112.06 ,133.44 ,77.45 ,38.54 ,8.60 ,2.47 ,58.61 ,-0.05 ,0.86 ,0.61 ,25.50 ,0.00 ,69.00 ,-1.40 ,1.00 ,144.00 ,0.00 ,197.37 ,105.38 
-0.40 ,-0.43 ,-0.61 ,0.15 ,9.71 ,-0.65 ,164.46 ,183.51 ,83.30 ,37.82 ,6.13 ,3.18 ,98.89 ,-0.03 ,6.73 ,0.48 ,5.21 ,0.00 ,77.00 ,-0.32 ,1.04 ,144.00 ,0.00 ,237.74 ,115.36 
-0.44 ,-0.44 ,-0.55 ,0.91 ,13.53 ,-0.66 ,227.60 ,242.13 ,83.64 ,24.96 ,4.85 ,4.17 ,128.25 ,-0.06 ,3.81 ,0.55 ,69.80 ,0.01 ,87.60 ,-0.48 ,0.84 ,108.00 ,0.00 ,180.45 ,77.68 
-0.39 ,-0.51 ,-0.54 ,0.47 ,12.63 ,-0.60 ,243.28 ,321.23 ,85.38 ,32.36 ,5.37 ,3.87 ,149.22 ,-0.03 ,-0.98 ,0.10 ,70.98 ,0.52 ,88.20 ,1.12 ,0.98 ,130.50 ,0.01 ,210.94 ,96.38 
-0.63 ,-0.70 ,-0.54 ,-0.23 ,1.16 ,-0.73 ,127.60 ,167.64 ,51.31 ,21.55 ,25.18 ,2.37 ,46.78 ,-0.08 ,-1.54 ,0.74 ,4.60 ,0.00 ,65.00 ,1.46 ,1.92 ,234.00 ,0.00 ,258.04 ,120.73 
-0.39 ,-0.61 ,-0.49 ,0.03 ,1.53 ,-0.58 ,44.56 ,75.96 ,53.88 ,21.00 ,20.02 ,1.45 ,27.07 ,-0.12 ,0.65 ,0.79 ,49.28 ,0.00 ,60.20 ,-1.76 ,0.90 ,202.50 ,0.00 ,203.64 ,115.98 
-0.50 ,-0.56 ,-0.62 ,0.08 ,6.86 ,-0.65 ,113.82 ,138.95 ,79.56 ,29.47 ,7.70 ,2.40 ,57.06 ,-0.13 ,0.62 ,0.43 ,18.76 ,0.00 ,69.80 ,-1.10 ,0.98 ,220.50 ,0.00 ,193.89 ,92.93 
-0.51 ,-0.55 ,-0.66 ,-0.19 ,6.99 ,-0.72 ,176.85 ,204.37 ,94.91 ,45.74 ,6.94 ,3.59 ,85.94 ,-0.06 ,0.71 ,0.56 ,66.35 ,0.03 ,73.40 ,-1.10 ,1.02 ,135.00 ,0.00 ,179.53 ,72.41 
-0.51 ,-0.32 ,-0.54 ,0.27 ,0.85 ,-0.58 ,131.89 ,99.95 ,63.43 ,18.37 ,29.01 ,2.03 ,64.03 ,-0.11 ,-9.27 ,0.18 ,9.11 ,-0.13 ,77.20 ,0.14 ,2.36 ,265.50 ,0.15 ,438.40 ,111.67 
-0.61 ,-0.69 ,-0.39 ,-0.03 ,0.20 ,-0.57 ,18.13 ,25.05 ,19.57 ,6.14 ,45.95 ,0.52 ,6.99 ,0.14 ,2.66 ,0.16 ,38.55 ,0.00 ,36.20 ,-1.00 ,4.44 ,283.50 ,0.00 ,934.84 ,115.61 
-0.46 ,-0.69 ,-0.46 ,-0.13 ,0.71 ,-0.56 ,8.40 ,16.08 ,16.93 ,5.51 ,35.37 ,0.42 ,4.50 ,0.14 ,0.57 ,0.31 ,96.47 ,0.00 ,35.20 ,-3.60 ,4.26 ,234.00 ,0.00 ,808.61 ,119.78 
-0.63 ,-0.70 ,-0.57 ,-0.23 ,2.74 ,-0.68 ,52.72 ,72.38 ,54.98 ,22.21 ,13.59 ,1.37 ,19.72 ,0.10 ,0.34 ,0.24 ,114.26 ,0.00 ,43.20 ,-4.10 ,2.36 ,171.00 ,0.00 ,241.54 ,118.15 
-0.58 ,-0.68 ,-0.55 ,-0.18 ,1.74 ,-0.66 ,64.21 ,90.93 ,57.82 ,26.45 ,17.93 ,1.62 ,26.89 ,-0.02 ,0.82 ,0.45 ,49.42 ,0.00 ,51.20 ,-2.18 ,1.80 ,130.50 ,0.00 ,235.64 ,117.69 
-0.55 ,-0.59 ,-0.60 ,0.00 ,5.33 ,-0.70 ,113.85 ,131.22 ,78.35 ,30.50 ,8.94 ,2.61 ,50.87 ,-0.14 ,0.24 ,0.64 ,69.11 ,0.00 ,72.60 ,-3.92 ,0.94 ,153.00 ,0.00 ,175.93 ,89.42 
-0.53 ,-0.54 ,-0.68 ,0.37 ,7.55 ,-0.69 ,190.49 ,203.48 ,93.46 ,33.71 ,7.10 ,3.33 ,89.28 ,-0.17 ,0.29 ,1.40 ,107.28 ,0.00 ,79.40 ,-3.50 ,0.68 ,135.00 ,0.00 ,191.56 ,108.90 
-0.68 ,-0.73 ,-0.71 ,0.30 ,6.91 ,-0.78 ,247.55 ,309.98 ,99.83 ,30.49 ,8.14 ,4.02 ,78.43 ,-0.17 ,0.20 ,1.64 ,77.16 ,0.00 ,77.60 ,-3.68 ,0.80 ,166.50 ,0.00 ,153.71 ,115.62 
-0.67 ,-0.75 ,-0.62 ,0.52 ,6.83 ,-0.78 ,285.81 ,407.72 ,96.78 ,31.88 ,7.69 ,4.68 ,94.28 ,-0.17 ,0.28 ,0.55 ,123.83 ,0.00 ,82.20 ,-3.78 ,1.22 ,85.50 ,0.00 ,170.83 ,113.87 
-0.77 ,-0.82 ,-0.70 ,-0.03 ,1.92 ,-0.84 ,266.14 ,352.33 ,97.93 ,28.16 ,16.78 ,4.48 ,61.27 ,-0.22 ,0.57 ,1.36 ,67.63 ,0.00 ,73.00 ,-2.30 ,1.16 ,216.00 ,0.00 ,189.39 ,112.37 
-0.77 ,-0.81 ,-0.65 ,-0.17 ,1.04 ,-0.79 ,156.77 ,202.04 ,75.26 ,28.15 ,20.78 ,2.65 ,36.18 ,-0.16 ,1.26 ,0.42 ,49.44 ,0.00 ,63.60 ,-1.72 ,1.58 ,153.00 ,0.00 ,320.87 ,116.92 
-0.89 ,-0.90 ,-0.73 ,0.72 ,4.43 ,-0.89 ,397.93 ,465.59 ,121.13 ,17.03 ,8.36 ,6.05 ,43.55 ,-0.22 ,0.51 ,0.42 ,10.38 ,0.00 ,75.40 ,-3.28 ,1.88 ,229.50 ,0.00 ,246.54 ,117.00 
-0.86 ,-0.90 ,-0.72 ,0.47 ,3.83 ,-0.88 ,259.88 ,381.53 ,95.66 ,14.69 ,9.18 ,4.68 ,35.29 ,-0.07 ,1.06 ,0.23 ,0.33 ,0.01 ,65.60 ,-2.28 ,2.20 ,184.50 ,0.00 ,281.71 ,112.23 
-0.25 ,-0.44 ,-0.51 ,0.00 ,1.71 ,-0.44 ,44.38 ,62.92 ,47.39 ,15.59 ,18.24 ,1.06 ,33.31 ,0.18 ,0.28 ,0.06 ,46.65 ,0.03 ,47.60 ,-6.22 ,1.74 ,166.50 ,0.00 ,303.26 ,110.33 
-0.68 ,-0.75 ,-0.62 ,-0.29 ,3.80 ,-0.70 ,111.04 ,151.54 ,72.21 ,29.23 ,8.34 ,2.20 ,35.67 ,0.03 ,0.23 ,0.75 ,92.24 ,0.00 ,59.60 ,-4.92 ,1.24 ,157.50 ,0.00 ,181.82 ,102.21 
-0.73 ,-0.74 ,-0.63 ,-0.11 ,5.72 ,-0.76 ,249.46 ,281.70 ,103.55 ,39.02 ,6.14 ,3.78 ,67.69 ,-0.01 ,0.63 ,0.53 ,73.40 ,0.00 ,69.80 ,-2.88 ,1.30 ,153.00 ,0.00 ,194.78 ,117.60 
-0.79 ,-0.85 ,-0.62 ,-0.23 ,0.56 ,-0.74 ,105.17 ,159.55 ,56.79 ,16.61 ,28.72 ,1.72 ,22.31 ,0.05 ,2.96 ,0.08 ,51.57 ,0.00 ,53.40 ,-1.02 ,3.14 ,256.50 ,0.00 ,385.99 ,118.14 
-0.38 ,-0.58 ,-0.55 ,0.17 ,2.17 ,-0.61 ,68.67 ,107.70 ,68.38 ,25.18 ,14.30 ,1.81 ,42.58 ,-0.08 ,0.35 ,1.50 ,17.91 ,0.00 ,61.20 ,-3.82 ,0.86 ,216.00 ,0.00 ,168.81 ,119.99 
